want_ea_newsletter,which_year_EA,donate_2017_c
NA,2013,NA
"Yes, sign me up",2015,NA
I already receive the newsletter,2014,NA
"Yes, sign me up",2017,300
"No, I would not like to receive the newsletter",2011,3300
I already receive the newsletter,2016,20
"No, I would not like to receive the newsletter",2018,1000
"Yes, sign me up",2009 or before,7227.54
I already receive the newsletter,2015,36000
I already receive the newsletter,2016,739.62
I already receive the newsletter,2017,591.69
"Yes, sign me up",2017,NA
"Yes, sign me up",2017,NA
"Yes, sign me up",I don't remember,200
I already receive the newsletter,2015,5100000
I already receive the newsletter,2016,NA
"Yes, sign me up",2016,NA
NA,2013,153.68
I already receive the newsletter,2014,1573.66
"No, I would not like to receive the newsletter",2018,0
I already receive the newsletter,2016,15000
I already receive the newsletter,2016,2305.26
"Yes, sign me up",2011,NA
"Yes, sign me up",2017,390.09
NA,2009 or before,0
I already receive the newsletter,2012,7396.17
I already receive the newsletter,2017,739.62
"Yes, sign me up",2017,2440.74
"Yes, sign me up",2017,0
I already receive the newsletter,2016,390.09
"No, I would not like to receive the newsletter",2016,14792.35
I already receive the newsletter,2016,15000
I already receive the newsletter,2017,115.62
I already receive the newsletter,2016,65.02
"Yes, sign me up",2017,2312.45
"No, I would not like to receive the newsletter",2016,32507.65
NA,2012,0
NA,2014,NA
"Yes, sign me up",2015,NA
I already receive the newsletter,2018,NA
I already receive the newsletter,2014,NA
"Yes, sign me up",2018,0
NA,2017,NA
"Yes, sign me up",2015,3846.01
NA,2018,NA
I already receive the newsletter,2013,18000
"No, I would not like to receive the newsletter",2014,NA
"Yes, sign me up",2017,59.17
NA,2017,NA
I already receive the newsletter,2013,887.54
"Yes, sign me up",2012,153.68
"Yes, sign me up",2012,384.21
"No, I would not like to receive the newsletter",2013,0
"No, I would not like to receive the newsletter",2017,NA
"No, I would not like to receive the newsletter",I don't remember,2218.85
I already receive the newsletter,2013,739.62
"No, I would not like to receive the newsletter",2016,NA
I already receive the newsletter,2017,0
"No, I would not like to receive the newsletter",2016,NA
I already receive the newsletter,I don't remember,1479.23
"No, I would not like to receive the newsletter",2017,73.96
"No, I would not like to receive the newsletter",2018,147.92
I already receive the newsletter,2016,3698.09
"Yes, sign me up",I don't remember,NA
I already receive the newsletter,2013,455107.1
I already receive the newsletter,2014,369.81
I already receive the newsletter,2015,739.62
I already receive the newsletter,2009 or before,76.84
I already receive the newsletter,2017,353.47
I already receive the newsletter,2015,1040.24
I already receive the newsletter,2017,2305.26
"No, I would not like to receive the newsletter",2016,1156.22
NA,2018,10000
I already receive the newsletter,2016,224.19
"No, I would not like to receive the newsletter",2017,67.45
"Yes, sign me up",2009 or before,8984
NA,2017,NA
I already receive the newsletter,2016,2081.2
"Yes, sign me up",2016,76.84
I already receive the newsletter,2017,4437.7
I already receive the newsletter,2014,1250
NA,2017,NA
"Yes, sign me up",2018,346.87
I already receive the newsletter,2013,NA
NA,2016,2000
I already receive the newsletter,2015,76.84
I already receive the newsletter,2015,5000
I already receive the newsletter,2018,1700
I already receive the newsletter,2016,780.18
I already receive the newsletter,2014,3900.92
I already receive the newsletter,2017,2081.2
I already receive the newsletter,2009 or before,6501.53
"No, I would not like to receive the newsletter",2009 or before,0
I already receive the newsletter,2009 or before,0
NA,I don't remember,NA
I already receive the newsletter,2016,50000
I already receive the newsletter,2015,13000
NA,2017,NA
NA,2016,NA
I already receive the newsletter,2017,100
"No, I would not like to receive the newsletter",2017,2500
I already receive the newsletter,2018,0
I already receive the newsletter,2016,29
I already receive the newsletter,2013,45000
"No, I would not like to receive the newsletter",2013,9400
NA,2014,0
I already receive the newsletter,2014,2254.63
NA,2015,NA
NA,2016,600
I already receive the newsletter,I don't remember,37000
"Yes, sign me up",2017,404.68
NA,2015,NA
I already receive the newsletter,2015,2600.61
I already receive the newsletter,2015,824.26
NA,2017,NA
I already receive the newsletter,2015,2312.45
I already receive the newsletter,2015,9249.78
"Yes, sign me up",2017,277.49
I already receive the newsletter,I don't remember,22188.52
"No, I would not like to receive the newsletter",2016,173.43
I already receive the newsletter,2016,120
"Yes, sign me up",2018,138.75
NA,2015,NA
NA,2017,NA
"No, I would not like to receive the newsletter",2016,200
I already receive the newsletter,2017,0
NA,2016,NA
"No, I would not like to receive the newsletter",2017,2218.85
NA,2017,NA
NA,2011,NA
I already receive the newsletter,2016,500
NA,2017,NA
"Yes, sign me up",2013,NA
I already receive the newsletter,2016,6000
I already receive the newsletter,2017,450.52
"Yes, sign me up",2015,11060.38
I already receive the newsletter,2014,1820.43
"Yes, sign me up",I don't remember,NA
"Yes, sign me up",2017,346.87
I already receive the newsletter,2015,537.89
NA,2015,NA
"No, I would not like to receive the newsletter",2015,32.51
NA,2016,NA
I already receive the newsletter,2016,200
I already receive the newsletter,2013,8000
I already receive the newsletter,2017,1156.22
"No, I would not like to receive the newsletter",2016,900
I already receive the newsletter,2016,NA
I already receive the newsletter,2015,10000
I already receive the newsletter,2015,2500
"Yes, sign me up",2017,0
NA,2009 or before,NA
I already receive the newsletter,2013,1759.61
NA,2017,NA
I already receive the newsletter,2016,57.81
NA,2012,NA
I already receive the newsletter,2016,971.23
NA,2017,1618.71
I already receive the newsletter,2014,0
I already receive the newsletter,2015,0
I already receive the newsletter,2016,2543.69
I already receive the newsletter,2016,0
I already receive the newsletter,2015,650.15
I already receive the newsletter,2016,5000
NA,2017,1156.22
I already receive the newsletter,2015,115.62
I already receive the newsletter,2015,900
"No, I would not like to receive the newsletter",2017,10
I already receive the newsletter,2017,15000
I already receive the newsletter,2017,200
NA,2014,6434.67
"Yes, sign me up",2013,NA
NA,I don't remember,0
I already receive the newsletter,2015,NA
I already receive the newsletter,2018,369.81
NA,2010,NA
I already receive the newsletter,2013,346.87
I already receive the newsletter,2017,1351.56
"Yes, sign me up",2016,NA
NA,2014,NA
I already receive the newsletter,2018,0
I already receive the newsletter,2014,2600.61
I already receive the newsletter,2017,2600.61
NA,2015,NA
I already receive the newsletter,2017,156.04
I already receive the newsletter,2016,425000
NA,2016,NA
"No, I would not like to receive the newsletter",2016,50.27
I already receive the newsletter,2017,2000
"Yes, sign me up",2017,NA
I already receive the newsletter,2016,2000
I already receive the newsletter,2016,12500
I already receive the newsletter,2015,34.69
I already receive the newsletter,2017,416.24
I already receive the newsletter,2012,100
I already receive the newsletter,2017,2774.94
I already receive the newsletter,2012,5201.22
NA,2009 or before,NA
NA,2016,1300.31
NA,2017,NA
NA,2017,520772.56
I already receive the newsletter,2016,NA
NA,2012,NA
I already receive the newsletter,2017,1387.47
NA,2013,1351.56
I already receive the newsletter,2012,3900.92
I already receive the newsletter,2012,0
I already receive the newsletter,2017,1120.97
I already receive the newsletter,2017,80.94
I already receive the newsletter,2018,NA
I already receive the newsletter,2015,10
NA,2013,3468.67
NA,NA,NA
I already receive the newsletter,2015,1681.46
"No, I would not like to receive the newsletter",2016,7263.06
I already receive the newsletter,2017,NA
I already receive the newsletter,2015,7868.31
I already receive the newsletter,2016,231.24
NA,2014,0
NA,2017,130.03
"Yes, sign me up",2014,0
NA,2016,650.15
"Yes, sign me up",I don't remember,1500
NA,2016,NA
I already receive the newsletter,2014,NA
I already receive the newsletter,2015,0
NA,2015,NA
NA,2015,NA
NA,2016,1300.31
I already receive the newsletter,2016,363.15
I already receive the newsletter,2012,10000
NA,2018,NA
"No, I would not like to receive the newsletter",2018,NA
NA,2014,NA
I already receive the newsletter,2018,2000
I already receive the newsletter,2016,NA
I already receive the newsletter,2017,0
"Yes, sign me up",2017,NA
I already receive the newsletter,2017,1210.51
NA,2015,0
"Yes, sign me up",2016,731.69
I already receive the newsletter,2013,NA
NA,2016,115.62
I already receive the newsletter,2017,369.81
"Yes, sign me up",2017,5000
I already receive the newsletter,2011,0
I already receive the newsletter,2011,80000
I already receive the newsletter,2017,1000
NA,2015,804.39
I already receive the newsletter,2017,100
NA,2018,NA
NA,2018,NA
"Yes, sign me up",2015,73.96
I already receive the newsletter,2016,27000
"No, I would not like to receive the newsletter",I don't remember,NA
NA,2017,NA
I already receive the newsletter,2016,325.08
I already receive the newsletter,2016,200
NA,2015,NA
NA,2016,NA
"Yes, sign me up",2017,502.74
I already receive the newsletter,2017,138.75
NA,2015,NA
I already receive the newsletter,2014,7411.74
"Yes, sign me up",2016,3900.92
I already receive the newsletter,2015,115.62
"Yes, sign me up",2018,5201.22
I already receive the newsletter,2014,1052.23
I already receive the newsletter,2016,780.18
I already receive the newsletter,2013,8500
I already receive the newsletter,2017,100
I already receive the newsletter,2015,578.11
"Yes, sign me up",2012,130000
I already receive the newsletter,I don't remember,3000
I already receive the newsletter,2011,2555.25
I already receive the newsletter,2016,0
I already receive the newsletter,2018,373.19
I already receive the newsletter,2015,346.87
I already receive the newsletter,2017,500
I already receive the newsletter,2014,0
I already receive the newsletter,2015,768.42
I already receive the newsletter,2009 or before,4500
I already receive the newsletter,2012,1953.67
I already receive the newsletter,2012,5347480
I already receive the newsletter,2014,3120.73
I already receive the newsletter,2017,NA
NA,2016,NA
I already receive the newsletter,2013,19828.37
I already receive the newsletter,2014,90.1
I already receive the newsletter,2015,605.25
I already receive the newsletter,2017,NA
I already receive the newsletter,2015,3237.42
NA,2017,382.29
I already receive the newsletter,2016,34.69
NA,2018,NA
I already receive the newsletter,2018,0
I already receive the newsletter,2017,0
I already receive the newsletter,2016,1156.22
I already receive the newsletter,2015,1734.33
I already receive the newsletter,2015,NA
I already receive the newsletter,2016,1734.33
I already receive the newsletter,2016,7801.84
NA,2015,NA
I already receive the newsletter,2017,104.06
"Yes, sign me up",2018,0
I already receive the newsletter,2016,484.2
I already receive the newsletter,2015,130.03
NA,2017,3250.77
I already receive the newsletter,2016,5781.11
NA,2011,25000
"Yes, sign me up",2018,5000
I already receive the newsletter,2015,346.87
NA,I don't remember,NA
NA,2017,578.11
I already receive the newsletter,2018,NA
I already receive the newsletter,2018,300
I already receive the newsletter,2017,9600
"No, I would not like to receive the newsletter",2017,36.58
I already receive the newsletter,2013,0
I already receive the newsletter,2018,1e+05
I already receive the newsletter,2017,90
I already receive the newsletter,2013,1000
NA,2015,NA
I already receive the newsletter,2017,369.81
NA,2017,200
I already receive the newsletter,2017,0
I already receive the newsletter,2015,0
I already receive the newsletter,2015,NA
I already receive the newsletter,2016,5000
"No, I would not like to receive the newsletter",2016,30
I already receive the newsletter,2009 or before,1000
NA,2017,1479.23
I already receive the newsletter,I don't remember,100
I already receive the newsletter,2009 or before,22188.52
I already receive the newsletter,2016,4046.78
I already receive the newsletter,2017,NA
I already receive the newsletter,2016,10201
I already receive the newsletter,2016,208.12
I already receive the newsletter,2017,26.01
"No, I would not like to receive the newsletter",I don't remember,9100
NA,2015,6000
I already receive the newsletter,2016,15000
NA,2017,1035.46
"Yes, sign me up",2017,578.11
I already receive the newsletter,2018,0
I already receive the newsletter,2017,1000
I already receive the newsletter,2016,200
I already receive the newsletter,2016,2500
I already receive the newsletter,2015,NA
I already receive the newsletter,I don't remember,130.03
"No, I would not like to receive the newsletter",2017,NA
"No, I would not like to receive the newsletter",2013,NA
I already receive the newsletter,2016,351.08
"No, I would not like to receive the newsletter",2016,3000
I already receive the newsletter,2015,1849.96
I already receive the newsletter,2017,0
"No, I would not like to receive the newsletter",2016,14000
I already receive the newsletter,2016,450
I already receive the newsletter,2015,384.21
I already receive the newsletter,2015,0
NA,2016,NA
NA,2017,NA
I already receive the newsletter,2011,10054.89
I already receive the newsletter,2016,500
I already receive the newsletter,I don't remember,800
I already receive the newsletter,2015,2544157
I already receive the newsletter,I don't remember,400
NA,2017,NA
I already receive the newsletter,2016,260.91
I already receive the newsletter,2016,2000
NA,2013,6359.23
I already receive the newsletter,2016,1734.33
I already receive the newsletter,2009 or before,1300.31
I already receive the newsletter,2016,2800
I already receive the newsletter,2015,400
NA,2015,6937.34
NA,2015,200
NA,2012,231.24
I already receive the newsletter,2017,346.87
I already receive the newsletter,I don't remember,346.87
NA,2017,NA
"Yes, sign me up",2017,NA
I already receive the newsletter,2017,0
"No, I would not like to receive the newsletter",2017,0
NA,2016,NA
I already receive the newsletter,2013,43700
NA,2015,NA
NA,2017,NA
I already receive the newsletter,2016,2600.61
I already receive the newsletter,2017,NA
I already receive the newsletter,2016,2312.45
I already receive the newsletter,2016,260.06
"Yes, sign me up",2010,NA
I already receive the newsletter,2016,195.05
I already receive the newsletter,2017,0
NA,2018,4000
I already receive the newsletter,2017,NA
I already receive the newsletter,2017,0
NA,2015,NA
I already receive the newsletter,2017,578.11
I already receive the newsletter,2012,0
I already receive the newsletter,2015,1560.37
I already receive the newsletter,2018,NA
I already receive the newsletter,2016,32.51
NA,2015,NA
I already receive the newsletter,2017,NA
NA,2016,5851.38
I already receive the newsletter,2015,3289.45
I already receive the newsletter,2016,0
I already receive the newsletter,2015,5201.22
I already receive the newsletter,2013,0
I already receive the newsletter,2009 or before,20000
I already receive the newsletter,2017,60.12
I already receive the newsletter,2017,145.95
NA,2014,NA
I already receive the newsletter,2013,291.91
I already receive the newsletter,2018,520.12
I already receive the newsletter,I don't remember,346.87
I already receive the newsletter,2016,578.11
I already receive the newsletter,2017,614.35
I already receive the newsletter,2013,1734.33
I already receive the newsletter,2016,2081.2
I already receive the newsletter,2017,156.04
"Yes, sign me up",2015,5591.32
"Yes, sign me up",2015,130.03
I already receive the newsletter,I don't remember,50
I already receive the newsletter,2018,156.04
NA,2017,NA
"Yes, sign me up",I don't remember,NA
"Yes, sign me up",2018,0
I already receive the newsletter,2017,NA
I already receive the newsletter,2009 or before,867.17
I already receive the newsletter,2014,3900.92
NA,2011,115.62
I already receive the newsletter,2016,3500
NA,2012,NA
"Yes, sign me up",2017,200
I already receive the newsletter,2017,115.62
I already receive the newsletter,2014,1156.22
I already receive the newsletter,2017,NA
I already receive the newsletter,2018,346.87
I already receive the newsletter,2016,578.11
I already receive the newsletter,2012,NA
I already receive the newsletter,2014,115.62
I already receive the newsletter,2013,1200
I already receive the newsletter,2016,0
I already receive the newsletter,2012,2600.61
NA,2015,NA
"Yes, sign me up",I don't remember,NA
I already receive the newsletter,I don't remember,NA
NA,2016,NA
NA,2018,11562.23
NA,2009 or before,NA
I already receive the newsletter,2016,115.62
I already receive the newsletter,2013,0
I already receive the newsletter,2015,9102.14
I already receive the newsletter,2018,115.62
NA,2016,NA
I already receive the newsletter,2015,NA
I already receive the newsletter,2016,NA
I already receive the newsletter,2017,2000
NA,2018,NA
I already receive the newsletter,2018,NA
I already receive the newsletter,2012,6535.68
I already receive the newsletter,2009 or before,NA
I already receive the newsletter,2017,2958.47
I already receive the newsletter,2015,3698.09
"Yes, sign me up",2015,100
I already receive the newsletter,2018,406.79
"Yes, sign me up",2013,7085
I already receive the newsletter,2016,30
"Yes, sign me up",2009 or before,1536.84
I already receive the newsletter,2017,200
I already receive the newsletter,I don't remember,1e+05
I already receive the newsletter,2016,369.81
I already receive the newsletter,I don't remember,NA
NA,2016,NA
NA,2014,0
"Yes, sign me up",2017,4215.82
I already receive the newsletter,2017,73.17
NA,2014,NA
NA,2014,NA
I already receive the newsletter,2018,1479.23
I already receive the newsletter,2013,4000
"Yes, sign me up",2011,200
I already receive the newsletter,2012,488.15
I already receive the newsletter,2017,NA
NA,I don't remember,NA
I already receive the newsletter,2018,2
NA,2017,312.07
NA,2017,600
NA,2013,187
I already receive the newsletter,2013,258.87
I already receive the newsletter,2018,100
I already receive the newsletter,2015,39.01
NA,2016,NA
"Yes, sign me up",2016,200
I already receive the newsletter,2013,5000
NA,2017,NA
I already receive the newsletter,2017,230.53
I already receive the newsletter,I don't remember,0
"Yes, sign me up",2018,10000
I already receive the newsletter,2017,8000
I already receive the newsletter,2017,0
I already receive the newsletter,2017,20000
I already receive the newsletter,2016,250
I already receive the newsletter,2017,200
I already receive the newsletter,2016,3073.68
NA,2014,7292
I already receive the newsletter,2018,0
I already receive the newsletter,2017,NA
NA,2017,NA
NA,2016,NA
"Yes, sign me up",2016,NA
I already receive the newsletter,2015,221.89
I already receive the newsletter,2016,100
I already receive the newsletter,2016,NA
I already receive the newsletter,2016,100
NA,2014,NA
NA,2015,NA
I already receive the newsletter,2010,NA
I already receive the newsletter,2011,12000
I already receive the newsletter,2013,6
NA,2018,9249.78
I already receive the newsletter,2018,NA
I already receive the newsletter,2015,900
I already receive the newsletter,2009 or before,260.06
NA,2016,NA
NA,2011,NA
I already receive the newsletter,2016,NA
I already receive the newsletter,2017,1200
"Yes, sign me up",2018,300
I already receive the newsletter,2016,289.06
I already receive the newsletter,2016,0
I already receive the newsletter,2017,NA
I already receive the newsletter,2017,NA
I already receive the newsletter,2016,NA
I already receive the newsletter,2017,2000
I already receive the newsletter,2017,500
"Yes, sign me up",2015,117000
I already receive the newsletter,2018,NA
I already receive the newsletter,2012,6000
I already receive the newsletter,I don't remember,NA
I already receive the newsletter,2013,4000
I already receive the newsletter,2016,3250.77
I already receive the newsletter,2015,600
I already receive the newsletter,2017,0
I already receive the newsletter,2015,1690.4
I already receive the newsletter,2015,NA
I already receive the newsletter,2018,20
NA,2010,NA
I already receive the newsletter,2017,NA
I already receive the newsletter,2017,0
I already receive the newsletter,2017,NA
NA,2016,167500
NA,2010,10000
I already receive the newsletter,2014,400
I already receive the newsletter,2016,2640
NA,2017,NA
I already receive the newsletter,2014,80000
I already receive the newsletter,2015,50
I already receive the newsletter,2013,300
I already receive the newsletter,2017,4046.78
NA,2017,NA
I already receive the newsletter,2013,1011.76
"Yes, sign me up",2016,600
"Yes, sign me up",2017,0
I already receive the newsletter,2017,13
NA,2017,NA
I already receive the newsletter,2016,0
I already receive the newsletter,2016,2600.61
NA,2018,NA
I already receive the newsletter,2017,NA
I already receive the newsletter,2015,1100
I already receive the newsletter,2016,2000
I already receive the newsletter,2015,650.15
NA,2018,NA
I already receive the newsletter,2015,600
NA,2018,NA
NA,2018,NA
NA,2018,500
NA,2016,NA
NA,2014,NA
I already receive the newsletter,2017,0
NA,2017,NA
"Yes, sign me up",I don't remember,585.14
I already receive the newsletter,2016,NA
NA,I don't remember,NA
I already receive the newsletter,2017,231.24
NA,2009 or before,NA
NA,2015,260.06
NA,2015,57.81
NA,2015,NA
I already receive the newsletter,2014,6501.53
I already receive the newsletter,2017,NA
"Yes, sign me up",2014,231.24
"Yes, sign me up",2017,0
I already receive the newsletter,2018,650.15
I already receive the newsletter,2017,0
"Yes, sign me up",2016,5201.22
I already receive the newsletter,2012,2255
NA,2017,NA
NA,2015,18400
NA,2016,800
NA,2016,NA
I already receive the newsletter,2016,1387.47
I already receive the newsletter,2017,100
NA,2012,2600.61
NA,2015,500
NA,2017,NA
I already receive the newsletter,2016,130.03
I already receive the newsletter,2018,1200
I already receive the newsletter,2017,173.43
I already receive the newsletter,2016,NA
I already receive the newsletter,2017,250
"Yes, sign me up",2017,75
I already receive the newsletter,2015,10000
NA,2015,NA
NA,2017,5000
NA,2013,10000
I already receive the newsletter,2016,4049.89
I already receive the newsletter,2016,7801.84
I already receive the newsletter,2016,16814.61
I already receive the newsletter,2009 or before,500
I already receive the newsletter,2017,1950.46
"Yes, sign me up",2017,5201.22
I already receive the newsletter,2017,100
"No, I would not like to receive the newsletter",2016,240
NA,2017,NA
I already receive the newsletter,2015,10
NA,I don't remember,NA
I already receive the newsletter,2015,416.24
I already receive the newsletter,2015,400
I already receive the newsletter,2016,3000
"Yes, sign me up",2016,1600
I already receive the newsletter,2013,19.5
I already receive the newsletter,2011,6241.47
NA,NA,NA
I already receive the newsletter,2017,0
NA,2014,NA
I already receive the newsletter,2016,NA
I already receive the newsletter,2016,2500
I already receive the newsletter,2015,9500
I already receive the newsletter,2017,1000
I already receive the newsletter,2014,6501.53
I already receive the newsletter,2015,1000
NA,2015,NA
I already receive the newsletter,2017,0
I already receive the newsletter,2013,200
NA,NA,NA
I already receive the newsletter,2016,0
"Yes, sign me up",2017,600
I already receive the newsletter,2016,3900.92
I already receive the newsletter,2017,NA
I already receive the newsletter,2016,10.41
I already receive the newsletter,2017,384.21
I already receive the newsletter,2016,18204.28
NA,2015,NA
"Yes, sign me up",2010,0
NA,2015,1481
NA,2016,78.02
NA,2014,NA
I already receive the newsletter,2013,7500
"Yes, sign me up",2016,NA
I already receive the newsletter,2018,NA
NA,I don't remember,NA
NA,2012,NA
I already receive the newsletter,2016,1313.58
I already receive the newsletter,2016,500
I already receive the newsletter,2017,1000
I already receive the newsletter,2017,NA
I already receive the newsletter,2017,624
NA,2010,NA
I already receive the newsletter,2014,12500
NA,2017,NA
I already receive the newsletter,2017,300
I already receive the newsletter,2017,0
I already receive the newsletter,2015,1100
I already receive the newsletter,2009 or before,25000
I already receive the newsletter,2016,1156.22
NA,2013,130.03
NA,2017,NA
I already receive the newsletter,2015,715
NA,2017,NA
I already receive the newsletter,2016,1300.31
I already receive the newsletter,2014,0
I already receive the newsletter,2015,500
I already receive the newsletter,2018,0
I already receive the newsletter,2016,1000
"Yes, sign me up",2017,768.42
I already receive the newsletter,2009 or before,6740
I already receive the newsletter,2017,768.42
I already receive the newsletter,2018,NA
I already receive the newsletter,2011,3497.82
I already receive the newsletter,2016,468.11
NA,2016,NA
NA,I don't remember,NA
I already receive the newsletter,2011,9700
I already receive the newsletter,2017,5000
I already receive the newsletter,2016,100
I already receive the newsletter,2017,350
I already receive the newsletter,2018,1000
"Yes, sign me up",2015,130
I already receive the newsletter,2017,2000
I already receive the newsletter,I don't remember,0
NA,I don't remember,NA
"Yes, sign me up",I don't remember,500
I already receive the newsletter,2016,4000
I already receive the newsletter,2016,45.05
I already receive the newsletter,2017,15000
I already receive the newsletter,2017,160
I already receive the newsletter,2012,1300.31
I already receive the newsletter,2017,7568.23
I already receive the newsletter,2014,50
"Yes, sign me up",I don't remember,8000
I already receive the newsletter,2014,NA
I already receive the newsletter,2017,0
I already receive the newsletter,2017,0
NA,2016,7000
I already receive the newsletter,2015,173.43
NA,2018,NA
NA,2013,NA
I already receive the newsletter,2017,7000
I already receive the newsletter,2017,NA
I already receive the newsletter,2015,2500
I already receive the newsletter,2010,3000
I already receive the newsletter,2017,NA
I already receive the newsletter,2015,3900.92
I already receive the newsletter,2018,65.02
I already receive the newsletter,2015,0
I already receive the newsletter,2012,2486.19
"Yes, sign me up",2017,1000
I already receive the newsletter,2016,346.87
I already receive the newsletter,2016,231.24
I already receive the newsletter,2016,NA
"No, I would not like to receive the newsletter",2015,15
I already receive the newsletter,2015,13
"No, I would not like to receive the newsletter",2017,NA
"No, I would not like to receive the newsletter",2017,0
I already receive the newsletter,2015,1000
I already receive the newsletter,2015,NA
"Yes, sign me up",I don't remember,NA
"Yes, sign me up",2014,3000
I already receive the newsletter,2011,25000
I already receive the newsletter,2009 or before,4046.78
NA,NA,NA
NA,2017,NA
I already receive the newsletter,2016,3255
I already receive the newsletter,2009 or before,13
"No, I would not like to receive the newsletter",2012,10000
I already receive the newsletter,2016,1536.84
I already receive the newsletter,2014,0
I already receive the newsletter,2012,153.68
I already receive the newsletter,2017,0
I already receive the newsletter,2017,4000
"No, I would not like to receive the newsletter",2013,8093.56
I already receive the newsletter,2015,1844.21
"Yes, sign me up",2016,0
NA,2015,5000
NA,2017,NA
"Yes, sign me up",2018,1000
"No, I would not like to receive the newsletter",2015,135.16
I already receive the newsletter,2014,1000
NA,2016,NA
I already receive the newsletter,2014,13003.06
I already receive the newsletter,2011,1500
I already receive the newsletter,2016,378.91
I already receive the newsletter,2011,NA
I already receive the newsletter,2013,2000
I already receive the newsletter,2016,5916.94
NA,2013,10000
"No, I would not like to receive the newsletter",2010,15000
I already receive the newsletter,2016,0
I already receive the newsletter,2016,153.68
"No, I would not like to receive the newsletter",2009 or before,532598.41
"No, I would not like to receive the newsletter",I don't remember,0
I already receive the newsletter,2015,3000
I already receive the newsletter,2017,130.03
I already receive the newsletter,2010,1560.37
"Yes, sign me up",2016,500
NA,2015,NA
I already receive the newsletter,2017,1734.33
NA,2015,NA
I already receive the newsletter,2017,NA
I already receive the newsletter,2009 or before,578.11
"Yes, sign me up",2014,221.89
"Yes, sign me up",2016,25000
"No, I would not like to receive the newsletter",2015,10975.34
"No, I would not like to receive the newsletter",2011,20000
I already receive the newsletter,2014,8300
"Yes, sign me up",I don't remember,75
I already receive the newsletter,2015,800
I already receive the newsletter,2015,25130
I already receive the newsletter,I don't remember,NA
I already receive the newsletter,2015,1479.23
"No, I would not like to receive the newsletter",NA,2200
"Yes, sign me up",2015,NA
I already receive the newsletter,2016,2458.95
"Yes, sign me up",2009 or before,55000
I already receive the newsletter,2013,8680
"No, I would not like to receive the newsletter",2017,5000
I already receive the newsletter,2017,5500
"Yes, sign me up",2012,650.15
"No, I would not like to receive the newsletter",2017,11562.23
I already receive the newsletter,2017,120
I already receive the newsletter,2009 or before,0
"Yes, sign me up",2014,5
NA,2015,5000
I already receive the newsletter,2016,0
I already receive the newsletter,2016,173.43
"No, I would not like to receive the newsletter",2009 or before,89.03
"Yes, sign me up",2009 or before,100.55
NA,2015,NA
"Yes, sign me up",2018,3000
I already receive the newsletter,2012,NA
I already receive the newsletter,2016,461.05
NA,2013,NA
I already receive the newsletter,2017,23.12
NA,2016,NA
"No, I would not like to receive the newsletter",2012,500
I already receive the newsletter,2014,5461.29
I already receive the newsletter,2011,NA
NA,2012,0
I already receive the newsletter,2014,750.52
"No, I would not like to receive the newsletter",I don't remember,2439.02
"Yes, sign me up",2017,2305.26
"No, I would not like to receive the newsletter",2014,75000
"Yes, sign me up",2015,11500
I already receive the newsletter,2013,7200
NA,NA,5
I already receive the newsletter,2015,2312.45
I already receive the newsletter,2017,2312.45
"Yes, sign me up",2012,4025.75
NA,2016,NA
NA,2010,450
NA,I don't remember,NA
"Yes, sign me up",2017,NA
NA,2009 or before,NA
I already receive the newsletter,2015,450
I already receive the newsletter,2014,5000
I already receive the newsletter,2016,36980.86
I already receive the newsletter,2011,10000
NA,2016,0
I already receive the newsletter,2013,NA
"Yes, sign me up",2014,780.18
NA,2016,NA
I already receive the newsletter,I don't remember,3000
I already receive the newsletter,2015,3215
I already receive the newsletter,2012,7541.77
I already receive the newsletter,2015,2000
I already receive the newsletter,2014,2000
NA,2013,NA
"Yes, sign me up",I don't remember,2600.61
I already receive the newsletter,2016,156.04
"Yes, sign me up",2016,1000
"No, I would not like to receive the newsletter",2017,0
NA,2016,369.81
NA,2016,231.24
I already receive the newsletter,2011,3511.68
NA,2014,NA
I already receive the newsletter,2015,100
"No, I would not like to receive the newsletter",2013,20634
I already receive the newsletter,2013,30000
I already receive the newsletter,2013,30000
NA,2014,NA
I already receive the newsletter,2015,5500
"Yes, sign me up",2014,6501.53
NA,2017,NA
"No, I would not like to receive the newsletter",2016,3006.18
I already receive the newsletter,2016,57.81
"Yes, sign me up",2009 or before,15000
"No, I would not like to receive the newsletter",2015,832.2
I already receive the newsletter,2013,3000
I already receive the newsletter,2013,0
NA,2016,0
"No, I would not like to receive the newsletter",2014,12494.64
NA,2015,1965.58
I already receive the newsletter,2016,NA
I already receive the newsletter,2017,0
"Yes, sign me up",2014,1815.76
I already receive the newsletter,2015,650.15
NA,2012,650.15
I already receive the newsletter,2014,5781.11
NA,2016,78018.36
"No, I would not like to receive the newsletter",2010,5201.22
"Yes, sign me up",2015,1156.22
"Yes, sign me up",2014,3900.92
"Yes, sign me up",2013,NA
I already receive the newsletter,2015,1387.47
I already receive the newsletter,2009 or before,NA
"Yes, sign me up",2012,1734.33
I already receive the newsletter,2016,150
I already receive the newsletter,2009 or before,4160.98
I already receive the newsletter,2013,5549.87
NA,2015,NA
NA,2015,NA
"No, I would not like to receive the newsletter",2013,10054.89
"Yes, sign me up",2016,NA
"Yes, sign me up",2011,29584.69
"Yes, sign me up",2014,0
I already receive the newsletter,2012,100
"Yes, sign me up",2013,NA
"No, I would not like to receive the newsletter",2015,12000
I already receive the newsletter,2015,100
NA,2015,NA
I already receive the newsletter,2015,1479.23
I already receive the newsletter,2011,6000
NA,2016,25000
"No, I would not like to receive the newsletter",2015,0
NA,2015,NA
I already receive the newsletter,2016,369.81
"No, I would not like to receive the newsletter",2009 or before,17011.2
I already receive the newsletter,2010,65015.3
I already receive the newsletter,2015,4000
I already receive the newsletter,2016,5916.94
I already receive the newsletter,2015,500
I already receive the newsletter,2016,7174.29
I already receive the newsletter,2016,NA
NA,2010,10000
"No, I would not like to receive the newsletter",2015,13500
I already receive the newsletter,2009 or before,0
"Yes, sign me up",I don't remember,731.69
"No, I would not like to receive the newsletter",2015,1100
"No, I would not like to receive the newsletter",I don't remember,10000
I already receive the newsletter,2013,26500
I already receive the newsletter,2014,200
I already receive the newsletter,2015,20000
"Yes, sign me up",I don't remember,1849.04
I already receive the newsletter,2017,4000
NA,I don't remember,4000
I already receive the newsletter,2018,NA
I already receive the newsletter,2016,45000
NA,2011,3073.68
I already receive the newsletter,2015,NA
NA,2009 or before,NA
I already receive the newsletter,2016,390.09
"No, I would not like to receive the newsletter",2009 or before,NA
I already receive the newsletter,2018,57.81
I already receive the newsletter,2017,300
I already receive the newsletter,2009 or before,73000
"No, I would not like to receive the newsletter",2016,100
I already receive the newsletter,2017,115.62
I already receive the newsletter,2018,1156.22
I already receive the newsletter,2015,346.87
I already receive the newsletter,2016,NA
"Yes, sign me up",2015,0
I already receive the newsletter,2016,0
I already receive the newsletter,2018,NA
I already receive the newsletter,2017,4551.07
I already receive the newsletter,2015,57.81
I already receive the newsletter,2016,390.09
NA,2014,NA
I already receive the newsletter,2015,1156.22
I already receive the newsletter,2017,0
I already receive the newsletter,2014,100
"Yes, sign me up",2016,NA
I already receive the newsletter,2017,1498.66
"No, I would not like to receive the newsletter",2009 or before,NA
NA,2017,NA
I already receive the newsletter,2011,13861.26
I already receive the newsletter,2015,NA
I already receive the newsletter,2017,2000
NA,2018,NA
I already receive the newsletter,I don't remember,NA
I already receive the newsletter,2015,650.15
"No, I would not like to receive the newsletter",2017,384.21
I already receive the newsletter,2017,1000
I already receive the newsletter,2017,NA
NA,2016,11000
I already receive the newsletter,2016,16187.12
NA,2017,2958.47
"Yes, sign me up",2017,173.43
I already receive the newsletter,2018,57.81
I already receive the newsletter,I don't remember,627.94
I already receive the newsletter,2017,804.39
"No, I would not like to receive the newsletter",2013,200
I already receive the newsletter,I don't remember,437.86
I already receive the newsletter,2016,134.9
I already receive the newsletter,2011,346.87
"No, I would not like to receive the newsletter",2016,578.11
"Yes, sign me up",2016,173.43
"No, I would not like to receive the newsletter",2017,202.35
NA,2016,NA
NA,2015,0
I already receive the newsletter,2017,500
I already receive the newsletter,2014,0
"Yes, sign me up",2018,0
NA,2016,NA
I already receive the newsletter,2016,346.87
"No, I would not like to receive the newsletter",2009 or before,7000
I already receive the newsletter,2017,18000
I already receive the newsletter,2016,1156.22
I already receive the newsletter,2016,2421.02
I already receive the newsletter,2017,1000
I already receive the newsletter,2017,924.98
I already receive the newsletter,2018,300
I already receive the newsletter,2013,3900.92
I already receive the newsletter,2016,6032.93
I already receive the newsletter,2013,NA
"Yes, sign me up",2017,200
I already receive the newsletter,2018,650.15
"Yes, sign me up",2017,NA
NA,2012,NA
NA,2017,NA
I already receive the newsletter,2016,4500
"No, I would not like to receive the newsletter",2018,0
"No, I would not like to receive the newsletter",2014,1300
NA,2016,130.03
I already receive the newsletter,2009 or before,190000
"Yes, sign me up",2016,5
I already receive the newsletter,2016,17516.78
I already receive the newsletter,2016,231.24
NA,2015,3180.35
I already receive the newsletter,2015,NA
I already receive the newsletter,2016,NA
I already receive the newsletter,2018,300
I already receive the newsletter,2013,NA
NA,2017,NA
"Yes, sign me up",2013,0
NA,2015,7500
"Yes, sign me up",2016,117.03
I already receive the newsletter,2015,1349.02
"Yes, sign me up",2018,60
I already receive the newsletter,2014,26000
NA,2016,657.89
"No, I would not like to receive the newsletter",2017,0
I already receive the newsletter,2014,65.02
I already receive the newsletter,2014,8200
"Yes, sign me up",2017,NA
I already receive the newsletter,2015,7801.84
"No, I would not like to receive the newsletter",2017,31.03
I already receive the newsletter,2016,2000
"Yes, sign me up",2013,5429.85
I already receive the newsletter,2018,186.17
NA,2013,693.73
"Yes, sign me up",2017,231.24
I already receive the newsletter,2015,130.03
I already receive the newsletter,2015,138.75
I already receive the newsletter,2013,NA
I already receive the newsletter,2015,NA
I already receive the newsletter,2017,0
I already receive the newsletter,2018,693.73
I already receive the newsletter,2017,6000
I already receive the newsletter,2016,675.78
I already receive the newsletter,2015,462.49
"Yes, sign me up",2013,2000
I already receive the newsletter,2016,0
I already receive the newsletter,2018,32.51
I already receive the newsletter,2015,11.56
NA,2017,NA
I already receive the newsletter,2013,13003.06
I already receive the newsletter,2016,0
"No, I would not like to receive the newsletter",2016,NA
"No, I would not like to receive the newsletter",2016,NA
I already receive the newsletter,2017,578.11
I already receive the newsletter,2017,NA
I already receive the newsletter,2016,20
I already receive the newsletter,2014,2774.94
"No, I would not like to receive the newsletter",2018,NA
I already receive the newsletter,2015,78.02
NA,2015,NA
NA,2012,346.87
"Yes, sign me up",2016,1950.46
NA,2017,400
I already receive the newsletter,2017,NA
NA,2017,583.81
I already receive the newsletter,2017,2018
"No, I would not like to receive the newsletter",2015,369.81
I already receive the newsletter,2015,4047.05
"No, I would not like to receive the newsletter",2015,NA
I already receive the newsletter,2011,2450
"No, I would not like to receive the newsletter",2016,14000
"No, I would not like to receive the newsletter",2011,NA
I already receive the newsletter,2016,768.42
I already receive the newsletter,2016,2000
"Yes, sign me up",2014,7248.25
I already receive the newsletter,2016,0
I already receive the newsletter,2015,500
"No, I would not like to receive the newsletter",2018,200
NA,2016,NA
I already receive the newsletter,2016,0
NA,2016,3900.92
I already receive the newsletter,2017,NA
NA,2017,NA
I already receive the newsletter,2017,268.95
I already receive the newsletter,2016,9000
I already receive the newsletter,2017,500
I already receive the newsletter,2017,346.87
I already receive the newsletter,2015,0
"Yes, sign me up",2018,7.4
I already receive the newsletter,2017,NA
"No, I would not like to receive the newsletter",2018,0
I already receive the newsletter,2016,5000
"Yes, sign me up",2017,2000
NA,2009 or before,NA
NA,I don't remember,NA
I already receive the newsletter,2016,NA
I already receive the newsletter,2016,11.56
I already receive the newsletter,2017,5000
I already receive the newsletter,2010,9362.2
"Yes, sign me up",2017,0
I already receive the newsletter,2013,9249.78
I already receive the newsletter,2016,5000
NA,2018,NA
"No, I would not like to receive the newsletter",I don't remember,110
"No, I would not like to receive the newsletter",2016,NA
I already receive the newsletter,2015,100
I already receive the newsletter,2017,650
I already receive the newsletter,2015,0
I already receive the newsletter,2014,1500
I already receive the newsletter,2015,5781.11
"No, I would not like to receive the newsletter",2012,0
I already receive the newsletter,2016,NA
"Yes, sign me up",2017,450.52
I already receive the newsletter,2018,NA
"No, I would not like to receive the newsletter",2017,40
"Yes, sign me up",2010,2305.26
NA,2016,NA
"No, I would not like to receive the newsletter",2018,800
I already receive the newsletter,2016,127.43
I already receive the newsletter,2018,135.89
NA,2013,NA
NA,2016,4000
I already receive the newsletter,2015,NA
I already receive the newsletter,2015,16000
I already receive the newsletter,2011,624.15
I already receive the newsletter,2018,0
"Yes, sign me up",2015,NA
I already receive the newsletter,2014,4500
"Yes, sign me up",2017,1000
NA,2014,3000
"Yes, sign me up",2011,443.77
I already receive the newsletter,2017,0
I already receive the newsletter,2009 or before,3900.92
NA,2017,NA
NA,2012,65.02
I already receive the newsletter,2018,0
NA,2017,NA
I already receive the newsletter,2015,2000
"Yes, sign me up",2016,20
"Yes, sign me up",2017,650
NA,2016,2997.31
I already receive the newsletter,2017,34.69
NA,2015,NA
"Yes, sign me up",2017,115.62
"No, I would not like to receive the newsletter",2016,100
NA,2014,0
I already receive the newsletter,2014,33.63
I already receive the newsletter,2017,8093.56
I already receive the newsletter,2018,NA
I already receive the newsletter,2016,1618.71
"No, I would not like to receive the newsletter",2014,1040.6
NA,I don't remember,NA
I already receive the newsletter,2009 or before,560.49
NA,2011,NA
"No, I would not like to receive the newsletter",2017,NA
"Yes, sign me up",2015,7263.06
"No, I would not like to receive the newsletter",I don't remember,NA
I already receive the newsletter,2017,3900.92
I already receive the newsletter,2011,0
"No, I would not like to receive the newsletter",2017,13.49
I already receive the newsletter,2013,138.75
I already receive the newsletter,2017,9102.14
I already receive the newsletter,2016,NA
NA,2014,NA
NA,2017,NA
I already receive the newsletter,2016,147.92
"Yes, sign me up",2017,173.43
I already receive the newsletter,2015,1300.31
"No, I would not like to receive the newsletter",2018,1500
I already receive the newsletter,2017,0
"No, I would not like to receive the newsletter",2017,NA
I already receive the newsletter,2016,1479.23
NA,2015,NA
I already receive the newsletter,2014,5201.22
I already receive the newsletter,2014,NA
I already receive the newsletter,2013,0
I already receive the newsletter,2015,260.06
I already receive the newsletter,2013,7572.2
I already receive the newsletter,2018,36.98
I already receive the newsletter,2015,2500
I already receive the newsletter,2009 or before,250
"Yes, sign me up",2018,NA
I already receive the newsletter,2017,0
I already receive the newsletter,2014,1000
NA,2018,NA
I already receive the newsletter,2016,7396.17
I already receive the newsletter,2017,NA
"Yes, sign me up",2018,NA
"Yes, sign me up",2014,NA
"No, I would not like to receive the newsletter",2016,2000
"Yes, sign me up",2012,6.5
"No, I would not like to receive the newsletter",2017,260.06
"Yes, sign me up",2017,260.06
I already receive the newsletter,2017,0
NA,2016,NA
NA,2017,7500
I already receive the newsletter,2014,78.02
I already receive the newsletter,2017,300
"Yes, sign me up",2017,4721.56
"Yes, sign me up",2016,27000
I already receive the newsletter,2014,844.04
I already receive the newsletter,2016,NA
I already receive the newsletter,2015,0
NA,2016,NA
I already receive the newsletter,2011,NA
I already receive the newsletter,2017,100
I already receive the newsletter,2016,1156.22
I already receive the newsletter,2017,1300.31
"Yes, sign me up",2016,5000
NA,2014,NA
I already receive the newsletter,2017,NA
I already receive the newsletter,2014,336.29
"No, I would not like to receive the newsletter",2017,0
I already receive the newsletter,2016,200
I already receive the newsletter,2011,6501.53
I already receive the newsletter,2017,5
I already receive the newsletter,I don't remember,NA
I already receive the newsletter,2016,462.49
I already receive the newsletter,2009 or before,56000
I already receive the newsletter,2010,NA
I already receive the newsletter,2016,3000
I already receive the newsletter,2014,10757.89
NA,2015,NA
I already receive the newsletter,2016,30
I already receive the newsletter,2013,10402.45
"No, I would not like to receive the newsletter",I don't remember,3000
I already receive the newsletter,2012,0
I already receive the newsletter,2012,NA
I already receive the newsletter,2015,8000
I already receive the newsletter,2013,0
I already receive the newsletter,2015,3000
I already receive the newsletter,2017,NA
NA,2017,NA
I already receive the newsletter,2016,4000
NA,I don't remember,200
I already receive the newsletter,2013,5000
I already receive the newsletter,2017,231.24
I already receive the newsletter,2017,650.15
NA,2009 or before,1000
I already receive the newsletter,2014,1271.85
I already receive the newsletter,2016,910.21
I already receive the newsletter,2017,0
I already receive the newsletter,2016,1387.47
I already receive the newsletter,2013,1206.59
NA,2016,NA
I already receive the newsletter,2017,NA
"No, I would not like to receive the newsletter",2017,150
I already receive the newsletter,2018,7.68
I already receive the newsletter,2017,0
I already receive the newsletter,2016,700
I already receive the newsletter,2013,506650
NA,2017,0
I already receive the newsletter,2015,1442.47
"Yes, sign me up",2018,11265.79
I already receive the newsletter,2017,25000
I already receive the newsletter,2016,922.1
I already receive the newsletter,2016,30
I already receive the newsletter,2016,200
I already receive the newsletter,2018,312.07
I already receive the newsletter,2016,9000
I already receive the newsletter,2016,250
I already receive the newsletter,2014,520.12
I already receive the newsletter,2012,1e+05
"Yes, sign me up",2018,NA
"Yes, sign me up",2016,30000
I already receive the newsletter,2017,200
I already receive the newsletter,2016,2000
I already receive the newsletter,2016,5500
I already receive the newsletter,2017,6000
NA,2015,NA
"Yes, sign me up",I don't remember,NA
I already receive the newsletter,2017,500
I already receive the newsletter,2017,455.11
NA,2016,NA
"Yes, sign me up",2009 or before,3000
I already receive the newsletter,2015,500
I already receive the newsletter,2017,0
I already receive the newsletter,2016,0
"Yes, sign me up",I don't remember,390.09
I already receive the newsletter,2015,24000
"Yes, sign me up",2016,3600
NA,2016,NA
I already receive the newsletter,2015,200
"Yes, sign me up",2018,NA
NA,2017,NA
I already receive the newsletter,2013,1005.49
I already receive the newsletter,I don't remember,2802.43
I already receive the newsletter,2016,260.06
I already receive the newsletter,2016,1011.76
I already receive the newsletter,2016,0
I already receive the newsletter,2015,0
I already receive the newsletter,2016,2958.47
I already receive the newsletter,2015,900
NA,2010,2774.94
"No, I would not like to receive the newsletter",2012,NA
NA,2017,NA
I already receive the newsletter,2016,NA
I already receive the newsletter,2015,4500
I already receive the newsletter,2017,0
I already receive the newsletter,2016,591.69
NA,NA,NA
NA,I don't remember,NA
NA,2018,2312.45
I already receive the newsletter,2017,1950.46
"Yes, sign me up",2018,6.75
"Yes, sign me up",2017,34.69
I already receive the newsletter,2017,0
I already receive the newsletter,2017,2600.61
"No, I would not like to receive the newsletter",2013,0
NA,2017,NA
I already receive the newsletter,2018,0
"Yes, sign me up",2017,0
I already receive the newsletter,2014,3250.77
I already receive the newsletter,2018,NA
I already receive the newsletter,I don't remember,1040.24
I already receive the newsletter,2011,650.15
I already receive the newsletter,2015,14792.35
"Yes, sign me up",2017,NA
NA,2017,NA
I already receive the newsletter,2014,73.17
I already receive the newsletter,2017,260.06
NA,2015,NA
NA,2018,NA
I already receive the newsletter,2014,NA
I already receive the newsletter,2013,57638.66
I already receive the newsletter,2017,10.79
I already receive the newsletter,2017,7862.32
"Yes, sign me up",2017,336.29
I already receive the newsletter,2018,390.09
I already receive the newsletter,2011,4291.01
I already receive the newsletter,2015,847.51
I already receive the newsletter,2017,2774.94
"No, I would not like to receive the newsletter",2015,739.62
I already receive the newsletter,2017,2890.56
I already receive the newsletter,2017,0
I already receive the newsletter,2018,208.05
NA,2016,NA
I already receive the newsletter,2016,NA
I already receive the newsletter,2017,NA
"No, I would not like to receive the newsletter",2017,0
"Yes, sign me up",2017,NA
I already receive the newsletter,2017,2340.55
NA,2018,NA
NA,2015,NA
I already receive the newsletter,2015,455.11
I already receive the newsletter,2014,3120.73
"Yes, sign me up",I don't remember,NA
I already receive the newsletter,2017,338.08
NA,2015,NA
"No, I would not like to receive the newsletter",2017,1200
I already receive the newsletter,2016,325.08
"No, I would not like to receive the newsletter",2015,2698.04
I already receive the newsletter,2010,9615.02
I already receive the newsletter,2014,739.62
NA,2016,NA
NA,2017,NA
NA,2017,674.51
NA,2018,NA
"Yes, sign me up",2018,23.12
I already receive the newsletter,I don't remember,13490.18
I already receive the newsletter,2015,0
I already receive the newsletter,2018,221.89
NA,2015,NA
I already receive the newsletter,2017,374.66
I already receive the newsletter,2015,13
I already receive the newsletter,2009 or before,3006.18
NA,2017,0
I already receive the newsletter,2012,130.03
"Yes, sign me up",2017,2275.54
I already receive the newsletter,2017,2000
I already receive the newsletter,2016,4624.89
I already receive the newsletter,2014,2730.64
NA,2017,NA
I already receive the newsletter,2015,195.05
I already receive the newsletter,2016,7801.84
I already receive the newsletter,2009 or before,2500
"Yes, sign me up",I don't remember,0
I already receive the newsletter,2015,231.24
I already receive the newsletter,2016,NA
I already receive the newsletter,2016,1109.43
"Yes, sign me up",2016,10000
NA,2017,NA
I already receive the newsletter,2014,NA
I already receive the newsletter,2016,390.09
I already receive the newsletter,2016,NA
I already receive the newsletter,2017,NA
I already receive the newsletter,2015,1950.46
I already receive the newsletter,2014,NA
I already receive the newsletter,2017,3000
I already receive the newsletter,2012,0
NA,2014,NA
I already receive the newsletter,2012,0
NA,I don't remember,NA
NA,2017,NA
"Yes, sign me up",2011,443.77
I already receive the newsletter,2009 or before,NA
I already receive the newsletter,2017,40
I already receive the newsletter,I don't remember,4000
"Yes, sign me up",2009 or before,2000
NA,2016,517.73
"No, I would not like to receive the newsletter",2017,0
I already receive the newsletter,2017,NA
"No, I would not like to receive the newsletter",2012,10000
I already receive the newsletter,2012,307.37
NA,2015,NA
I already receive the newsletter,2016,0
NA,2016,NA
I already receive the newsletter,2014,461.05
"Yes, sign me up",2018,600
"Yes, sign me up",2013,NA
I already receive the newsletter,2018,NA
I already receive the newsletter,2009 or before,0
I already receive the newsletter,2009 or before,8135.79
I already receive the newsletter,2014,52.01
I already receive the newsletter,2015,5916.94
I already receive the newsletter,2012,1536.84
NA,I don't remember,30000
I already receive the newsletter,2016,100
I already receive the newsletter,2016,250
I already receive the newsletter,2017,3000
I already receive the newsletter,2017,NA
"Yes, sign me up",2016,1109.43
I already receive the newsletter,2017,38.42
I already receive the newsletter,2017,0
"Yes, sign me up",2017,1000
I already receive the newsletter,2015,0
I already receive the newsletter,2013,0
"Yes, sign me up",2016,NA
I already receive the newsletter,2015,5400
I already receive the newsletter,2013,15000
I already receive the newsletter,2014,18490.43
I already receive the newsletter,2016,200
NA,2016,6800
I already receive the newsletter,2016,315
I already receive the newsletter,2016,100
I already receive the newsletter,2016,100
NA,2016,NA
I already receive the newsletter,2015,100
"Yes, sign me up",2017,NA
I already receive the newsletter,2017,2000
I already receive the newsletter,2015,13000
I already receive the newsletter,2014,500
I already receive the newsletter,2015,6000
NA,2011,4000
NA,2018,NA
I already receive the newsletter,I don't remember,1000
I already receive the newsletter,2015,0
NA,2012,NA
NA,2017,NA
I already receive the newsletter,2017,60
I already receive the newsletter,2016,NA
I already receive the newsletter,2014,800
"Yes, sign me up",2016,NA
"Yes, sign me up",2017,500
NA,2010,NA
I already receive the newsletter,2015,898.99
I already receive the newsletter,2009 or before,6000
I already receive the newsletter,2017,5
I already receive the newsletter,2017,1500
"Yes, sign me up",2017,5000
"Yes, sign me up",2015,1e+05
I already receive the newsletter,2009 or before,2000
I already receive the newsletter,2015,5000
I already receive the newsletter,2016,1000
I already receive the newsletter,2016,300
NA,2016,739.62
I already receive the newsletter,2012,6878.44
"No, I would not like to receive the newsletter",2012,7396.17
NA,2017,NA
NA,2017,0
I already receive the newsletter,2017,0
I already receive the newsletter,2016,500
I already receive the newsletter,2010,3250.77
"No, I would not like to receive the newsletter",2013,2200
I already receive the newsletter,I don't remember,37708.87
I already receive the newsletter,2015,2312.45
I already receive the newsletter,2017,0
I already receive the newsletter,2016,0
"No, I would not like to receive the newsletter",2009 or before,22000
"Yes, sign me up",I don't remember,0
I already receive the newsletter,2014,50
NA,2012,NA
"No, I would not like to receive the newsletter",2014,289.06
I already receive the newsletter,2015,23.12
"Yes, sign me up",2017,578.11
"No, I would not like to receive the newsletter",2016,561.82
"No, I would not like to receive the newsletter",2013,8065
I already receive the newsletter,2018,0
"Yes, sign me up",2018,NA
"No, I would not like to receive the newsletter",2016,115.62
NA,2014,11.56
I already receive the newsletter,2016,NA
NA,2015,1000
I already receive the newsletter,2017,30
I already receive the newsletter,2016,1536.84
I already receive the newsletter,2017,2100
I already receive the newsletter,2009 or before,60000
"No, I would not like to receive the newsletter",2009 or before,3698.09
"Yes, sign me up",I don't remember,300
"Yes, sign me up",2015,11094.26
NA,2018,NA
I already receive the newsletter,2016,0
"Yes, sign me up",2018,2312.45
I already receive the newsletter,2017,1734.33
"Yes, sign me up",2017,NA
I already receive the newsletter,2017,NA
"Yes, sign me up",2012,0
I already receive the newsletter,2015,2080.49
I already receive the newsletter,2016,130.03
I already receive the newsletter,2015,NA
"Yes, sign me up",2018,57.81
"No, I would not like to receive the newsletter",2017,0
"Yes, sign me up",2017,295.85
I already receive the newsletter,2015,260.06
I already receive the newsletter,2017,390.09
I already receive the newsletter,2016,726.31
"Yes, sign me up",2017,0
NA,2017,NA
I already receive the newsletter,2013,3468.67
"Yes, sign me up",2016,46.25
"No, I would not like to receive the newsletter",2016,39009.18
"Yes, sign me up",I don't remember,18.21
"Yes, sign me up",2015,57.81
NA,2014,NA
"No, I would not like to receive the newsletter",2016,57.81
"Yes, sign me up",2014,NA
NA,2014,NA
I already receive the newsletter,2016,18490.43
I already receive the newsletter,2016,NA
"Yes, sign me up",2018,0
NA,2017,NA
NA,2017,0
NA,2015,1000
"Yes, sign me up",2017,2000
"No, I would not like to receive the newsletter",2016,30000
I already receive the newsletter,2015,6000
I already receive the newsletter,2013,3150
I already receive the newsletter,I don't remember,19670
I already receive the newsletter,2016,6400
I already receive the newsletter,2016,NA
I already receive the newsletter,2013,2000
"No, I would not like to receive the newsletter",2013,NA
"No, I would not like to receive the newsletter",2017,50000
"Yes, sign me up",2015,17000
I already receive the newsletter,2017,0
"Yes, sign me up",2015,2100
"No, I would not like to receive the newsletter",2016,2000
NA,I don't remember,NA
"No, I would not like to receive the newsletter",2015,3500
NA,2016,1000
"Yes, sign me up",2015,2990.7
NA,2013,NA
I already receive the newsletter,2013,7400
"Yes, sign me up",2017,NA
I already receive the newsletter,2011,190.24
"No, I would not like to receive the newsletter",2017,910.21
"No, I would not like to receive the newsletter",2010,10000
"Yes, sign me up",2015,12000
NA,2016,NA
NA,2013,780.18
"No, I would not like to receive the newsletter",I don't remember,6810.71
NA,I don't remember,NA
"Yes, sign me up",2017,1000
"No, I would not like to receive the newsletter",2017,11.56
I already receive the newsletter,2016,300
"No, I would not like to receive the newsletter",2015,1000
"No, I would not like to receive the newsletter",2015,10000
"No, I would not like to receive the newsletter",2015,3698.09
NA,2013,NA
NA,2014,NA
NA,2017,NA
I already receive the newsletter,2017,0
"Yes, sign me up",2012,10000
"Yes, sign me up",2010,1500
"No, I would not like to receive the newsletter",2013,16000
NA,2011,31000
"No, I would not like to receive the newsletter",2010,200
"Yes, sign me up",2009 or before,539985.8
"No, I would not like to receive the newsletter",2015,0
"Yes, sign me up",2016,22000
"No, I would not like to receive the newsletter",2015,6000
"No, I would not like to receive the newsletter",2015,1183.39
"No, I would not like to receive the newsletter",2015,2000
NA,2016,0
I already receive the newsletter,2009 or before,0
NA,2010,NA
"Yes, sign me up",2015,900
"No, I would not like to receive the newsletter",2016,700
I already receive the newsletter,2015,9000
"Yes, sign me up",2017,180
NA,2011,200
I already receive the newsletter,2014,1156.22
"No, I would not like to receive the newsletter",2016,0
NA,2017,NA
NA,2017,NA
NA,2018,0
I already receive the newsletter,2017,384.21
I already receive the newsletter,2016,3000
"No, I would not like to receive the newsletter",2016,93.08
NA,2014,NA
I already receive the newsletter,2015,12500
NA,2017,839
I already receive the newsletter,2017,3250.77
I already receive the newsletter,2015,3000
"Yes, sign me up",2018,NA
NA,2013,NA
I already receive the newsletter,2016,500
NA,2017,NA
"No, I would not like to receive the newsletter",I don't remember,250
NA,2016,750
"No, I would not like to receive the newsletter",2016,400
"No, I would not like to receive the newsletter",2017,650.15
"No, I would not like to receive the newsletter",2011,45000
"No, I would not like to receive the newsletter",2017,2000
"No, I would not like to receive the newsletter",2016,1000
"No, I would not like to receive the newsletter",2014,8000
"No, I would not like to receive the newsletter",2016,3.84
"Yes, sign me up",2017,100
"Yes, sign me up",2010,NA
I already receive the newsletter,2015,3000
"Yes, sign me up",2018,9000
"No, I would not like to receive the newsletter",2016,13000
I already receive the newsletter,2015,3000
I already receive the newsletter,2011,0
"Yes, sign me up",2016,0
NA,2017,NA
NA,2016,300
I already receive the newsletter,2017,9151
NA,2012,1000
I already receive the newsletter,2015,462.49
"No, I would not like to receive the newsletter",2014,6147.36
NA,2016,NA
"Yes, sign me up",2017,578.11
"No, I would not like to receive the newsletter",2015,20000
I already receive the newsletter,2014,0
NA,2013,NA
"No, I would not like to receive the newsletter",2016,0
I already receive the newsletter,2016,0
"No, I would not like to receive the newsletter",2017,2000
NA,2016,NA
NA,I don't remember,NA
"Yes, sign me up",2016,1000
"No, I would not like to receive the newsletter",2015,NA
I already receive the newsletter,2015,614.74
NA,2018,NA
I already receive the newsletter,2014,3000
I already receive the newsletter,2013,1844.18
I already receive the newsletter,I don't remember,11562.23
"No, I would not like to receive the newsletter",2016,652.26
I already receive the newsletter,2015,4624.89
"No, I would not like to receive the newsletter",2014,1156.22
NA,2018,NA
I already receive the newsletter,2012,5201.22
NA,2016,NA
"No, I would not like to receive the newsletter",2014,45000
"Yes, sign me up",2016,145.95
NA,2011,0
"No, I would not like to receive the newsletter",2014,NA
"No, I would not like to receive the newsletter",2016,269.7
"No, I would not like to receive the newsletter",2014,NA
I already receive the newsletter,2015,930.83
"No, I would not like to receive the newsletter",I don't remember,NA
"Yes, sign me up",2012,78.47
"Yes, sign me up",2015,9622.26
"No, I would not like to receive the newsletter",2016,0
NA,2017,NA
I already receive the newsletter,I don't remember,NA
"No, I would not like to receive the newsletter",2015,8000
"Yes, sign me up",2015,12000
NA,2015,NA
I already receive the newsletter,I don't remember,0
"No, I would not like to receive the newsletter",2015,0
"No, I would not like to receive the newsletter",2016,NA
"No, I would not like to receive the newsletter",2010,2312.45
NA,2017,NA
"No, I would not like to receive the newsletter",2015,40000
I already receive the newsletter,2015,3000
NA,2016,3.66
I already receive the newsletter,2016,384.21
I already receive the newsletter,2016,6600
"No, I would not like to receive the newsletter",2015,15000
"No, I would not like to receive the newsletter",2015,16000
I already receive the newsletter,2011,1000
"No, I would not like to receive the newsletter",2017,1000
"No, I would not like to receive the newsletter",2017,20000
"No, I would not like to receive the newsletter",2014,50000
I already receive the newsletter,2017,6608.42
"No, I would not like to receive the newsletter",2015,4800
NA,2016,NA
I already receive the newsletter,2017,200
NA,2014,NA
"No, I would not like to receive the newsletter",2009 or before,23000
NA,2017,NA
NA,2017,NA
"No, I would not like to receive the newsletter",2016,1000
I already receive the newsletter,2014,0
I already receive the newsletter,2018,1000
"No, I would not like to receive the newsletter",2016,5400
"No, I would not like to receive the newsletter",2014,6000
"Yes, sign me up",2015,0
NA,I don't remember,17400
"No, I would not like to receive the newsletter",2016,800
I already receive the newsletter,2014,645.47
"Yes, sign me up",2015,12000
"No, I would not like to receive the newsletter",2017,20000
"No, I would not like to receive the newsletter",I don't remember,NA
"Yes, sign me up",2016,4000
"No, I would not like to receive the newsletter",2015,18000
"No, I would not like to receive the newsletter",2017,5000
"Yes, sign me up",2015,200
I already receive the newsletter,2010,526786.47
"Yes, sign me up",2014,1500
I already receive the newsletter,2016,0
NA,2016,NA
NA,2015,100
I already receive the newsletter,2014,1
"No, I would not like to receive the newsletter",I don't remember,5781.11
I already receive the newsletter,2015,13
"Yes, sign me up",2017,7.4
"Yes, sign me up",2017,NA
"Yes, sign me up",2017,1000
NA,2016,NA
I already receive the newsletter,2015,2218.85
"No, I would not like to receive the newsletter",2013,0
"No, I would not like to receive the newsletter",2018,260.06
NA,2018,NA
I already receive the newsletter,2015,0
I already receive the newsletter,2016,5201.22
NA,2014,1536.84
NA,2013,3000
I already receive the newsletter,2015,19000
"Yes, sign me up",2014,1300.31
"No, I would not like to receive the newsletter",2016,8085
I already receive the newsletter,2017,307.37
I already receive the newsletter,2014,28500
NA,2011,NA
I already receive the newsletter,2010,130000
"Yes, sign me up",2013,26500
NA,2017,50.71
I already receive the newsletter,2014,0
I already receive the newsletter,2016,0
"Yes, sign me up",2017,2500
NA,2013,1005.49
I already receive the newsletter,2017,39.01
"Yes, sign me up",2017,768.42
"Yes, sign me up",2016,0
NA,2016,NA
I already receive the newsletter,2018,130.03
I already receive the newsletter,2015,0
I already receive the newsletter,2017,35108.26
"No, I would not like to receive the newsletter",2017,13003.06
I already receive the newsletter,I don't remember,NA
"No, I would not like to receive the newsletter",2015,910.21
NA,2015,NA
I already receive the newsletter,2017,NA
I already receive the newsletter,2017,0
I already receive the newsletter,2015,NA
I already receive the newsletter,2016,0
I already receive the newsletter,2013,NA
"Yes, sign me up",2017,NA
I already receive the newsletter,2014,3846.01
I already receive the newsletter,2012,70000
I already receive the newsletter,2014,184.9
"No, I would not like to receive the newsletter",2018,NA
I already receive the newsletter,2012,182042.84
I already receive the newsletter,2017,156.04
"No, I would not like to receive the newsletter",2012,481.11
I already receive the newsletter,2015,NA
I already receive the newsletter,2017,520.12
NA,2015,NA
"No, I would not like to receive the newsletter",2015,4000
"No, I would not like to receive the newsletter",2016,0
I already receive the newsletter,2017,3100
NA,2017,3900.92
I already receive the newsletter,2017,1243.44
I already receive the newsletter,2012,3510.83
NA,2016,50
"Yes, sign me up",I don't remember,520.12
I already receive the newsletter,2015,12000
I already receive the newsletter,2014,58513.77
NA,2016,2000
"Yes, sign me up",2017,171
I already receive the newsletter,2012,11702.75
"No, I would not like to receive the newsletter",2017,650.15
I already receive the newsletter,2015,0
I already receive the newsletter,2017,NA
I already receive the newsletter,2014,325.08
"No, I would not like to receive the newsletter",2015,0
I already receive the newsletter,2017,2000
NA,2015,NA
NA,2016,8451.99
NA,2014,NA
NA,2016,NA
I already receive the newsletter,2015,6000
I already receive the newsletter,2017,0
NA,2017,462.49
NA,2016,NA
"No, I would not like to receive the newsletter",2012,NA
NA,2014,NA
"No, I would not like to receive the newsletter",I don't remember,221.89
I already receive the newsletter,2016,1300
I already receive the newsletter,2013,0
"No, I would not like to receive the newsletter",2016,1479.23
"No, I would not like to receive the newsletter",2018,NA
I already receive the newsletter,2013,14052.73
I already receive the newsletter,2013,3500
I already receive the newsletter,2011,3000
I already receive the newsletter,2017,520.12
I already receive the newsletter,2012,6000
I already receive the newsletter,2015,0
"Yes, sign me up",2017,0
NA,2013,8452.62
I already receive the newsletter,2014,6000
"Yes, sign me up",2016,15000
NA,2013,NA
I already receive the newsletter,2015,390.09
I already receive the newsletter,2017,0
I already receive the newsletter,2010,2254.83
"Yes, sign me up",2017,578.11
"Yes, sign me up",2017,NA
NA,2013,NA
I already receive the newsletter,2016,1156.22
I already receive the newsletter,2015,450
I already receive the newsletter,2017,2312.45
"No, I would not like to receive the newsletter",2015,400
NA,2010,3640.86
I already receive the newsletter,2016,0
"No, I would not like to receive the newsletter",2012,254.37
"Yes, sign me up",2018,650.15
"No, I would not like to receive the newsletter",I don't remember,0
I already receive the newsletter,2016,NA
I already receive the newsletter,2015,2218.85
"Yes, sign me up",2018,369.81
I already receive the newsletter,2017,9752.3
I already receive the newsletter,2015,10637.25
I already receive the newsletter,2016,2000
I already receive the newsletter,2015,2196.82
NA,2017,295.85
"No, I would not like to receive the newsletter",I don't remember,576.9
"No, I would not like to receive the newsletter",2017,252.75
I already receive the newsletter,2013,9249.78
"No, I would not like to receive the newsletter",2013,NA
"No, I would not like to receive the newsletter",2016,3000
NA,2012,NA
I already receive the newsletter,2013,13000
"No, I would not like to receive the newsletter",2009 or before,50
I already receive the newsletter,2014,2500
"No, I would not like to receive the newsletter",2010,NA
I already receive the newsletter,2013,11.56
I already receive the newsletter,2017,6592.55
"Yes, sign me up",2013,7500
NA,2011,1950.46
I already receive the newsletter,2016,81.53
I already receive the newsletter,2016,336.29
NA,2018,NA
I already receive the newsletter,2015,230.53
"Yes, sign me up",2016,90.1
"Yes, sign me up",2017,922.1
"No, I would not like to receive the newsletter",2011,5e+05
I already receive the newsletter,2014,2312.45
NA,2009 or before,NA
I already receive the newsletter,2014,462.49
"No, I would not like to receive the newsletter",2016,346.87
NA,2017,390.09
"Yes, sign me up",2018,0
I already receive the newsletter,2016,650.15
"No, I would not like to receive the newsletter",2017,500
"No, I would not like to receive the newsletter",2017,0
I already receive the newsletter,2010,3500
I already receive the newsletter,2015,0
I already receive the newsletter,2016,578.11
I already receive the newsletter,2013,NA
"Yes, sign me up",2015,108.71
"No, I would not like to receive the newsletter",2014,NA
"Yes, sign me up",2015,4437.7
"No, I would not like to receive the newsletter",2017,363.15
"Yes, sign me up",2017,32.51
"Yes, sign me up",2018,NA
I already receive the newsletter,2013,65.02
"No, I would not like to receive the newsletter",I don't remember,7801.84
I already receive the newsletter,2014,780.18
"No, I would not like to receive the newsletter",I don't remember,0
I already receive the newsletter,2010,11182.63
"No, I would not like to receive the newsletter",2017,NA
I already receive the newsletter,2016,217.89
NA,2009 or before,NA
I already receive the newsletter,2012,3000
I already receive the newsletter,2016,150
NA,2016,517.73
I already receive the newsletter,2014,9762.95
I already receive the newsletter,2015,693.73
I already receive the newsletter,2012,1000
I already receive the newsletter,2015,100
"Yes, sign me up",2013,NA
I already receive the newsletter,2015,26.01
I already receive the newsletter,2011,0
I already receive the newsletter,2017,NA
I already receive the newsletter,2013,9500
"No, I would not like to receive the newsletter",2016,2210.52
"No, I would not like to receive the newsletter",2016,312.07
I already receive the newsletter,2015,NA
I already receive the newsletter,2015,1000
NA,2012,800
I already receive the newsletter,2009 or before,70000
NA,2011,NA
"Yes, sign me up",2017,60.53
"No, I would not like to receive the newsletter",2014,168.15
"Yes, sign me up",2014,325.08
"No, I would not like to receive the newsletter",2016,NA
NA,2013,NA
"No, I would not like to receive the newsletter",2016,40467.81
"Yes, sign me up",2015,NA
I already receive the newsletter,2014,650.15
I already receive the newsletter,2015,NA
I already receive the newsletter,2016,462.49
I already receive the newsletter,2013,1898.45
NA,2014,NA
"No, I would not like to receive the newsletter",2015,NA
I already receive the newsletter,2016,1156.22
"No, I would not like to receive the newsletter",2017,118.34
I already receive the newsletter,2011,3842.1
I already receive the newsletter,2017,NA
NA,2015,NA
I already receive the newsletter,2011,7396.17
NA,2017,1000
"Yes, sign me up",2016,500
"No, I would not like to receive the newsletter",2016,57.81
I already receive the newsletter,2014,4000
I already receive the newsletter,2016,300
"No, I would not like to receive the newsletter",2015,300
I already receive the newsletter,2017,NA
I already receive the newsletter,2010,13003.06
NA,2012,NA
I already receive the newsletter,2015,1000
"Yes, sign me up",2017,NA
NA,2016,NA
I already receive the newsletter,2018,NA
I already receive the newsletter,2012,0
NA,2011,650.15
"No, I would not like to receive the newsletter",2015,6500
I already receive the newsletter,2015,12140.34
NA,2015,3931.16
NA,2016,2958.47
NA,2010,NA
"Yes, sign me up",2018,13.59
NA,2016,NA
"No, I would not like to receive the newsletter",2016,15400
I already receive the newsletter,2017,NA
I already receive the newsletter,2017,8000
I already receive the newsletter,2011,3250.77
"Yes, sign me up",2017,1000
I already receive the newsletter,2013,NA
"No, I would not like to receive the newsletter",2011,2312.45
"No, I would not like to receive the newsletter",I don't remember,NA
I already receive the newsletter,2015,2340.55
I already receive the newsletter,2016,1000
I already receive the newsletter,2017,0
NA,2016,NA
"No, I would not like to receive the newsletter",2009 or before,2500
I already receive the newsletter,2016,500
I already receive the newsletter,2009 or before,NA
I already receive the newsletter,2017,231.24
NA,2009 or before,3000
"No, I would not like to receive the newsletter",2017,NA
"Yes, sign me up",2017,0
NA,2009 or before,10000
I already receive the newsletter,2017,286.07
I already receive the newsletter,2013,8000
I already receive the newsletter,2015,30000
I already receive the newsletter,2017,0
"Yes, sign me up",2015,2312.45
NA,2013,0
I already receive the newsletter,2015,NA
I already receive the newsletter,2018,NA
I already receive the newsletter,2015,28.91
I already receive the newsletter,2016,115.62
"No, I would not like to receive the newsletter",2017,1536.84
NA,2017,NA
NA,2017,NA
I already receive the newsletter,2017,NA
I already receive the newsletter,2016,416.24
I already receive the newsletter,2015,9400
I already receive the newsletter,2015,NA
I already receive the newsletter,2016,544.04
"No, I would not like to receive the newsletter",2017,NA
I already receive the newsletter,2014,2500
I already receive the newsletter,2012,1000
I already receive the newsletter,2014,0
NA,2017,NA
"Yes, sign me up",I don't remember,250
NA,2015,NA
I already receive the newsletter,2015,402.2
I already receive the newsletter,2010,310.28
NA,NA,NA
I already receive the newsletter,2017,1326.31
NA,2017,0
"No, I would not like to receive the newsletter",2015,4624.89
NA,2013,1500
"Yes, sign me up",2016,NA
NA,2009 or before,NA
"Yes, sign me up",2017,115.62
"No, I would not like to receive the newsletter",2009 or before,50000
NA,2017,NA
I already receive the newsletter,2014,23000
NA,2016,NA
I already receive the newsletter,2016,1536.84
I already receive the newsletter,2016,0
I already receive the newsletter,2016,4.49
NA,2016,NA
I already receive the newsletter,2016,1545017
I already receive the newsletter,2015,65.02
"Yes, sign me up",2016,578.11
"No, I would not like to receive the newsletter",2015,6511.59
NA,2016,15000
I already receive the newsletter,2017,10
I already receive the newsletter,2014,50000
NA,2017,NA
"No, I would not like to receive the newsletter",2017,NA
NA,2016,134.52
"No, I would not like to receive the newsletter",I don't remember,NA
"Yes, sign me up",2018,346.87
I already receive the newsletter,2016,34.69
"Yes, sign me up",2017,672.58
I already receive the newsletter,2015,5916.94
I already receive the newsletter,2014,NA
I already receive the newsletter,2017,650.15
NA,2017,0
I already receive the newsletter,2015,NA
I already receive the newsletter,2015,2000
NA,2015,130.03
NA,2015,NA
"Yes, sign me up",2015,1450
I already receive the newsletter,2016,39009.18
I already receive the newsletter,2015,1536.84
"No, I would not like to receive the newsletter",2016,6052.55
"No, I would not like to receive the newsletter",2011,0
"No, I would not like to receive the newsletter",2017,6000
NA,2015,NA
"Yes, sign me up",2012,6036732
NA,2010,NA
NA,2011,1536.84
I already receive the newsletter,2012,50
"No, I would not like to receive the newsletter",2015,600
"Yes, sign me up",2018,300
I already receive the newsletter,2011,NA
I already receive the newsletter,2014,0
I already receive the newsletter,2015,0
I already receive the newsletter,2016,12500
NA,2016,NA
"Yes, sign me up",2016,NA
I already receive the newsletter,2015,0
I already receive the newsletter,2016,600
"Yes, sign me up",2016,0
I already receive the newsletter,2015,904.94
I already receive the newsletter,2015,3000
I already receive the newsletter,2017,NA
I already receive the newsletter,2015,312.07
NA,2013,NA
"Yes, sign me up",2017,6479.83
I already receive the newsletter,2016,500
"No, I would not like to receive the newsletter",2016,57.81
I already receive the newsletter,2016,115.62
I already receive the newsletter,2013,3900.92
I already receive the newsletter,2017,250
I already receive the newsletter,2017,90.49
I already receive the newsletter,2016,0
"Yes, sign me up",2016,NA
I already receive the newsletter,2011,32507.65
NA,2011,10402.45
"Yes, sign me up",I don't remember,NA
I already receive the newsletter,2017,76.84
I already receive the newsletter,2017,520.12
"No, I would not like to receive the newsletter",2012,35000
NA,2009 or before,NA
"Yes, sign me up",2017,0
"Yes, sign me up",2015,520.3
I already receive the newsletter,2014,1210.51
I already receive the newsletter,2012,0
I already receive the newsletter,2014,52099.42
I already receive the newsletter,2011,2958.47
NA,2016,39014381.46
"Yes, sign me up",2016,5203
NA,2015,NA
"No, I would not like to receive the newsletter",2016,46.25
"Yes, sign me up",2017,277.49
I already receive the newsletter,2014,2535.6
I already receive the newsletter,2016,1156.22
"No, I would not like to receive the newsletter",2012,0
"No, I would not like to receive the newsletter",2014,14792.35
I already receive the newsletter,2016,2730.64
I already receive the newsletter,2015,1300.31
"Yes, sign me up",2017,0
I already receive the newsletter,2010,231.24
I already receive the newsletter,2017,277.49
I already receive the newsletter,2016,0
I already receive the newsletter,2010,0
NA,I don't remember,NA
NA,2016,1479.23
NA,2016,153.68
"No, I would not like to receive the newsletter",2013,0
"Yes, sign me up",2014,372
I already receive the newsletter,2012,57.81
I already receive the newsletter,2015,600
"No, I would not like to receive the newsletter",2017,585.14
I already receive the newsletter,2014,6417.04
"Yes, sign me up",2015,NA
I already receive the newsletter,2013,NA
I already receive the newsletter,2015,0
"Yes, sign me up",2017,NA
I already receive the newsletter,2015,500
I already receive the newsletter,2017,350
I already receive the newsletter,2010,2305.26
I already receive the newsletter,2016,3380.8
NA,2015,130.03
I already receive the newsletter,2016,809.36
I already receive the newsletter,2017,38.42
"No, I would not like to receive the newsletter",2014,NA
I already receive the newsletter,2016,5027.45
I already receive the newsletter,2016,0
I already receive the newsletter,2016,NA
I already receive the newsletter,2014,3000
I already receive the newsletter,2013,1349.96
NA,2016,231.24
I already receive the newsletter,2017,1508.23
NA,2015,0
"No, I would not like to receive the newsletter",2017,86.72
I already receive the newsletter,2016,15030.9
I already receive the newsletter,2018,1005.49
"Yes, sign me up",2009 or before,2958.42
I already receive the newsletter,2015,832.2
"Yes, sign me up",2018,6.5
I already receive the newsletter,2017,0
"No, I would not like to receive the newsletter",2013,NA
"No, I would not like to receive the newsletter",2016,23.12
I already receive the newsletter,2012,6000
I already receive the newsletter,2017,NA
I already receive the newsletter,2016,NA
I already receive the newsletter,2017,115.62
NA,2014,2000
"Yes, sign me up",2016,346.87
I already receive the newsletter,2013,1200
I already receive the newsletter,2015,0
I already receive the newsletter,2017,5000
"No, I would not like to receive the newsletter",2017,NA
NA,2015,0
I already receive the newsletter,2011,4551.07
I already receive the newsletter,2009 or before,585.14
I already receive the newsletter,2016,924.98
NA,2017,138.75
I already receive the newsletter,2016,1734.33
I already receive the newsletter,2014,20002016
NA,2014,0
I already receive the newsletter,2016,NA
NA,2017,NA
I already receive the newsletter,2013,721.55
I already receive the newsletter,2011,2600.61
NA,2017,156.04
I already receive the newsletter,2016,0
I already receive the newsletter,2017,346.87
I already receive the newsletter,2015,0
I already receive the newsletter,2010,25000
I already receive the newsletter,2015,355.02
NA,2017,NA
NA,2016,NA
I already receive the newsletter,2015,1156.22
NA,2017,924.98
I already receive the newsletter,2010,24673.31
NA,I don't remember,900
I already receive the newsletter,2014,1387.47
I already receive the newsletter,2016,462.49
I already receive the newsletter,2011,520.12
"Yes, sign me up",2012,5044.38
I already receive the newsletter,2015,185
I already receive the newsletter,2015,36.98
I already receive the newsletter,2017,150.31
I already receive the newsletter,2014,130.03
I already receive the newsletter,2016,69.37
I already receive the newsletter,2016,0
I already receive the newsletter,2014,NA
NA,2009 or before,NA
"No, I would not like to receive the newsletter",2011,554.71
I already receive the newsletter,2013,6745.09
NA,2009 or before,6000
I already receive the newsletter,2012,2910
NA,2017,2500
NA,2012,215.99
"No, I would not like to receive the newsletter",2013,200
I already receive the newsletter,2014,5000
I already receive the newsletter,2016,337.25
I already receive the newsletter,2015,14665
I already receive the newsletter,2017,443.77
NA,2016,0
I already receive the newsletter,2013,1300.31
I already receive the newsletter,2016,60000
I already receive the newsletter,2015,1300.31
I already receive the newsletter,2015,0
"No, I would not like to receive the newsletter",2017,6000
I already receive the newsletter,2015,1818997.91
I already receive the newsletter,2017,0
I already receive the newsletter,2014,1011.76
I already receive the newsletter,2014,3900.92
NA,2015,NA
"No, I would not like to receive the newsletter",2014,7000
NA,2016,0
"Yes, sign me up",2017,NA
NA,2017,NA
NA,2015,NA
NA,2013,NA
I already receive the newsletter,2016,NA
NA,2009 or before,NA
"Yes, sign me up",2017,500
NA,2010,5000
I already receive the newsletter,2017,NA
I already receive the newsletter,2015,22000
I already receive the newsletter,2017,0
"No, I would not like to receive the newsletter",2012,7000
I already receive the newsletter,2015,135
I already receive the newsletter,2009 or before,0
I already receive the newsletter,2015,176.9
I already receive the newsletter,2016,NA
NA,2017,NA
"Yes, sign me up",2018,NA
I already receive the newsletter,2013,2227.34
I already receive the newsletter,2013,8000
"Yes, sign me up",2018,100
"No, I would not like to receive the newsletter",I don't remember,400
"No, I would not like to receive the newsletter",2016,75
I already receive the newsletter,2017,0
"No, I would not like to receive the newsletter",2014,153.68
I already receive the newsletter,2017,346.87
I already receive the newsletter,2016,739.62
I already receive the newsletter,2017,60
I already receive the newsletter,2015,3536.89
I already receive the newsletter,2012,1560.37
I already receive the newsletter,2016,12000
"No, I would not like to receive the newsletter",2011,500
I already receive the newsletter,2016,900
I already receive the newsletter,2012,346.87
"No, I would not like to receive the newsletter",I don't remember,50000
NA,2016,0
NA,2016,NA
NA,2016,NA
I already receive the newsletter,2013,50
NA,2014,NA
I already receive the newsletter,2014,173.43
I already receive the newsletter,2014,500
I already receive the newsletter,2015,3698.09
I already receive the newsletter,2015,NA
I already receive the newsletter,2016,1445.28
NA,2014,NA
I already receive the newsletter,2015,1921.05
"No, I would not like to receive the newsletter",2012,500
I already receive the newsletter,2014,178.06
NA,2015,0
I already receive the newsletter,2015,50
NA,2016,NA
NA,2017,69.37
I already receive the newsletter,2015,1560.37
I already receive the newsletter,2009 or before,1536.84
I already receive the newsletter,2014,385.02
I already receive the newsletter,2017,200
NA,2014,200
I already receive the newsletter,2015,1040.24
I already receive the newsletter,2015,23141861.16
"No, I would not like to receive the newsletter",2017,1250
NA,2013,NA
I already receive the newsletter,2014,130.03
I already receive the newsletter,2016,5879.96
I already receive the newsletter,2014,3250.77
I already receive the newsletter,2013,1300.31
I already receive the newsletter,2014,16500
NA,2015,6501.53
NA,2014,NA
"Yes, sign me up",2013,231.24
NA,2012,NA
"No, I would not like to receive the newsletter",2017,NA
I already receive the newsletter,2017,1085.76
NA,2017,NA
"No, I would not like to receive the newsletter",2016,NA
NA,2015,NA
I already receive the newsletter,2018,0
I already receive the newsletter,2015,NA
"No, I would not like to receive the newsletter",2009 or before,125000
NA,2017,NA
I already receive the newsletter,2014,500
"No, I would not like to receive the newsletter",2017,901.04
I already receive the newsletter,2015,92.5
I already receive the newsletter,2014,135.16
I already receive the newsletter,2011,2652.62
I already receive the newsletter,2013,0
"No, I would not like to receive the newsletter",2015,2000
I already receive the newsletter,2015,115.62
I already receive the newsletter,2017,462.49
NA,2015,0
NA,2012,0
I already receive the newsletter,2018,195.05
I already receive the newsletter,2016,173.43
NA,2018,NA
NA,2016,NA
NA,2016,1950.46
I already receive the newsletter,2016,1271.85
I already receive the newsletter,2012,NA
I already receive the newsletter,2015,109.75
I already receive the newsletter,2015,218.93
"Yes, sign me up",2018,295.85
I already receive the newsletter,2012,74.93
"Yes, sign me up",2016,1923
"Yes, sign me up",I don't remember,NA
I already receive the newsletter,2016,156.04
I already receive the newsletter,2013,819647.89
"Yes, sign me up",2009 or before,1156.22
NA,2010,NA
I already receive the newsletter,2016,0
I already receive the newsletter,2015,3468.67
"Yes, sign me up",2014,2890.56
"No, I would not like to receive the newsletter",2016,0
NA,2009 or before,5781.11
I already receive the newsletter,2016,346.87
I already receive the newsletter,2015,1200
I already receive the newsletter,2013,0
I already receive the newsletter,2017,896.78
"Yes, sign me up",2017,6000
"Yes, sign me up",2013,81.53
"No, I would not like to receive the newsletter",2009 or before,6111.44
I already receive the newsletter,2016,138.75
"No, I would not like to receive the newsletter",2014,0
I already receive the newsletter,2017,0
I already receive the newsletter,2015,173.43
I already receive the newsletter,2009 or before,0
NA,2018,0
I already receive the newsletter,2015,271.78
"Yes, sign me up",2018,0
"No, I would not like to receive the newsletter",2009 or before,14500
I already receive the newsletter,2016,600
"No, I would not like to receive the newsletter",2017,53.99
I already receive the newsletter,2017,0
NA,2014,0
"Yes, sign me up",2017,40.77
I already receive the newsletter,2015,60000
"No, I would not like to receive the newsletter",I don't remember,7000
I already receive the newsletter,2017,0
"No, I would not like to receive the newsletter",2014,1200
I already receive the newsletter,2015,192.11
"No, I would not like to receive the newsletter",2011,17000
NA,2015,100
I already receive the newsletter,2015,500
NA,2017,NA
I already receive the newsletter,2018,1000
"No, I would not like to receive the newsletter",2010,15000
I already receive the newsletter,2015,4451.76
I already receive the newsletter,2014,500
I already receive the newsletter,2016,1479.23
NA,2018,NA
"No, I would not like to receive the newsletter",2012,25000
NA,2010,0
NA,2017,NA
NA,2016,NA
I already receive the newsletter,2014,0
I already receive the newsletter,2016,5970.93
"No, I would not like to receive the newsletter",2015,100
I already receive the newsletter,2012,35000
NA,2010,30000
NA,2017,3750
"Yes, sign me up",2017,150
I already receive the newsletter,2012,10000
I already receive the newsletter,2014,3600
I already receive the newsletter,2009 or before,0
I already receive the newsletter,2017,NA
NA,2012,NA
"Yes, sign me up",I don't remember,500
I already receive the newsletter,2017,7000
I already receive the newsletter,2015,44000
I already receive the newsletter,2013,2000
"No, I would not like to receive the newsletter",2018,0
"Yes, sign me up",2015,739.62
I already receive the newsletter,2015,325.08
I already receive the newsletter,2015,115.62
"No, I would not like to receive the newsletter",2017,NA
I already receive the newsletter,2015,0
I already receive the newsletter,2016,115.62
I already receive the newsletter,2017,1479.23
NA,2017,0
I already receive the newsletter,2011,4199
NA,2015,NA
I already receive the newsletter,2016,1156.22
"Yes, sign me up",2015,0
"No, I would not like to receive the newsletter",2014,2000
I already receive the newsletter,2011,500
"No, I would not like to receive the newsletter",2012,500
NA,2013,10000
I already receive the newsletter,2016,4000
I already receive the newsletter,2014,68722
I already receive the newsletter,2015,NA
NA,2013,2222
NA,2014,NA
"Yes, sign me up",2012,8093.56
I already receive the newsletter,2017,5662.83
I already receive the newsletter,2013,17737
"No, I would not like to receive the newsletter",2017,3900.92
NA,2017,NA
I already receive the newsletter,2014,739.62
"No, I would not like to receive the newsletter",2014,500
"No, I would not like to receive the newsletter",2018,NA
I already receive the newsletter,2016,2312.45
NA,2016,NA
I already receive the newsletter,2016,3000
NA,2015,1000
I already receive the newsletter,2017,5750
"Yes, sign me up",2009 or before,7000
"No, I would not like to receive the newsletter",2013,0
NA,2012,NA
NA,2010,NA
"No, I would not like to receive the newsletter",2016,3000
NA,2016,NA
NA,2013,NA
"No, I would not like to receive the newsletter",2009 or before,12000
I already receive the newsletter,2015,3500
NA,2015,390.09
I already receive the newsletter,2016,20425
"No, I would not like to receive the newsletter",2013,443.77
"Yes, sign me up",2016,271.78
I already receive the newsletter,2017,4000
I already receive the newsletter,2015,369.99
I already receive the newsletter,2012,1156.22
NA,2017,NA
I already receive the newsletter,2011,3225
I already receive the newsletter,2017,0
"No, I would not like to receive the newsletter",2012,25000
"No, I would not like to receive the newsletter",2017,NA
"No, I would not like to receive the newsletter",2015,NA
NA,2011,2000
"Yes, sign me up",2018,0
NA,2014,NA
I already receive the newsletter,2011,2023.53
I already receive the newsletter,2013,1000
"No, I would not like to receive the newsletter",2014,4000
I already receive the newsletter,2013,NA
I already receive the newsletter,2016,NA
"No, I would not like to receive the newsletter",2015,6300
I already receive the newsletter,2016,115.62
NA,2014,NA
I already receive the newsletter,2016,260.06
NA,2011,NA
NA,I don't remember,0
"No, I would not like to receive the newsletter",2014,NA
I already receive the newsletter,2010,2950
NA,2014,0
NA,2016,600
NA,I don't remember,5378.94
"No, I would not like to receive the newsletter",2014,2000
NA,2015,NA
NA,2015,650.15
NA,2012,1000
"No, I would not like to receive the newsletter",2013,40000
"No, I would not like to receive the newsletter",2015,1700
I already receive the newsletter,2017,200
I already receive the newsletter,2016,250
"Yes, sign me up",2018,768.42
I already receive the newsletter,2011,30698
I already receive the newsletter,2013,3720
"Yes, sign me up",2018,100
I already receive the newsletter,2012,40100
NA,2017,173.43
"No, I would not like to receive the newsletter",2013,100
NA,2011,NA
"No, I would not like to receive the newsletter",2016,100
"No, I would not like to receive the newsletter",2015,130.03
"Yes, sign me up",2015,2427.67
I already receive the newsletter,2011,10402.45
I already receive the newsletter,2014,289.06
"Yes, sign me up",2015,780.18
NA,2016,3631.53
I already receive the newsletter,2014,7450.75
I already receive the newsletter,2010,3e+06
"No, I would not like to receive the newsletter",2017,189.45
"Yes, sign me up",I don't remember,0
NA,2014,400
NA,2017,NA
I already receive the newsletter,2015,NA
NA,2016,NA
I already receive the newsletter,2015,NA
I already receive the newsletter,2014,573.43
"Yes, sign me up",2015,2000
I already receive the newsletter,2015,260.06
I already receive the newsletter,2014,3900.92
I already receive the newsletter,2016,0
I already receive the newsletter,2013,0
NA,2014,50
I already receive the newsletter,2014,650.15
I already receive the newsletter,2014,105000
"No, I would not like to receive the newsletter",2017,2312.45
"No, I would not like to receive the newsletter",2017,200
I already receive the newsletter,2017,0
NA,2013,5500
I already receive the newsletter,2017,3120.73
"No, I would not like to receive the newsletter",I don't remember,0
I already receive the newsletter,2014,1200
NA,2017,231.24
NA,2016,NA
I already receive the newsletter,2015,10026
I already receive the newsletter,2017,NA
"No, I would not like to receive the newsletter",2012,0
NA,2016,3000
NA,2015,39.01
NA,2017,NA
I already receive the newsletter,2017,115.62
I already receive the newsletter,2017,3200
I already receive the newsletter,2016,8000
"No, I would not like to receive the newsletter",2011,NA
"No, I would not like to receive the newsletter",2015,6000
"No, I would not like to receive the newsletter",2014,0
"No, I would not like to receive the newsletter",2012,4295
I already receive the newsletter,2014,39231.53
I already receive the newsletter,2016,NA
I already receive the newsletter,2014,7038.42
I already receive the newsletter,2016,60
"Yes, sign me up",2009 or before,1300.31
I already receive the newsletter,2016,346.87
I already receive the newsletter,2013,1152.63
"No, I would not like to receive the newsletter",2017,NA
"No, I would not like to receive the newsletter",2016,50
I already receive the newsletter,2011,2340.55
I already receive the newsletter,2014,300
"No, I would not like to receive the newsletter",2016,0
NA,2015,NA
I already receive the newsletter,2013,0
NA,2014,3000
I already receive the newsletter,2016,0
I already receive the newsletter,2016,NA
I already receive the newsletter,2012,990
"Yes, sign me up",2017,300
I already receive the newsletter,2017,923.22
NA,2015,300
I already receive the newsletter,2012,4811.13
"No, I would not like to receive the newsletter",2016,300
NA,2016,0
I already receive the newsletter,2014,10
I already receive the newsletter,2015,20
"Yes, sign me up",2012,4841.05
NA,2014,0
"No, I would not like to receive the newsletter",2018,NA
I already receive the newsletter,2017,289.06
I already receive the newsletter,2017,7600
I already receive the newsletter,2017,800
I already receive the newsletter,2015,3000
"No, I would not like to receive the newsletter",2016,55
I already receive the newsletter,2013,0
"No, I would not like to receive the newsletter",2010,20000
NA,NA,NA
I already receive the newsletter,2017,38.42
I already receive the newsletter,2015,260.06
I already receive the newsletter,2016,614.74
I already receive the newsletter,2014,6501.53
I already receive the newsletter,2015,17000
NA,2012,7100
I already receive the newsletter,2014,650.15
NA,2016,NA
NA,2015,NA
I already receive the newsletter,2014,7000
NA,2011,100
I already receive the newsletter,2016,27
NA,2013,NA
I already receive the newsletter,2009 or before,1000
NA,2016,NA
I already receive the newsletter,2009 or before,12000
NA,2017,200
I already receive the newsletter,2010,71000
"No, I would not like to receive the newsletter",2015,5000
"Yes, sign me up",2015,3000
NA,2013,NA
I already receive the newsletter,2016,NA
I already receive the newsletter,2015,1943.95
"Yes, sign me up",2016,3033.91
I already receive the newsletter,2015,0
"Yes, sign me up",2013,0
I already receive the newsletter,2011,25000
"No, I would not like to receive the newsletter",2014,NA
"No, I would not like to receive the newsletter",2017,2312.45
I already receive the newsletter,2014,NA
NA,2017,2600.61
"Yes, sign me up",2009 or before,NA
I already receive the newsletter,2016,384.21
I already receive the newsletter,2017,0
"Yes, sign me up",2018,0
"No, I would not like to receive the newsletter",2015,50
I already receive the newsletter,2016,1000
NA,2016,NA
I already receive the newsletter,2017,650.15
I already receive the newsletter,2017,0
I already receive the newsletter,2015,400
NA,2014,5000
I already receive the newsletter,2016,196.56
I already receive the newsletter,2016,25000
I already receive the newsletter,2013,3515
I already receive the newsletter,2016,150
"Yes, sign me up",2017,6433.98
NA,2013,NA
NA,I don't remember,NA
I already receive the newsletter,2012,33040
I already receive the newsletter,2015,0
