which_year_EA,donate_2017_c,ea_career_type
2013,NA,Direct charity/non-profit work
2015,NA,Research
2014,NA,None of the above
2017,300,Direct charity/non-profit work
2011,3300,None of the above
2016,20,Earning to give
2018,1000,Direct charity/non-profit work
2009 or before,7227.54,None of the above
2015,36000,Earning to give
2016,739.62,Earning to give
2017,591.69,None of the above
2017,NA,Research
2017,NA,Earning to give
I don't remember,200,Direct charity/non-profit work
2015,5100000,Earning to give
2016,NA,Research
2016,NA,Research
2013,153.68,Research
2014,1.57,Research
2018,0,None of the above
2016,15000,Earning to give
2016,2305.26,None of the above
2011,NA,Research
2017,390.09,Direct charity/non-profit work
2009 or before,0,Earning to give
2012,7396.17,None of the above
2017,739.62,Research
2017,2440.74,Earning to give
2017,0,Research
2016,390.09,Research
2016,14792.35,Research
2016,15000,Earning to give
2017,115.62,Direct charity/non-profit work
2016,65.02,Earning to give
2017,2312.45,Earning to give
2016,32507.65,None of the above
2012,0,NA
2014,NA,Earning to give
2015,NA,Direct charity/non-profit work
2018,NA,NA
2014,NA,Research
2018,0,Direct charity/non-profit work
2017,NA,Direct charity/non-profit work
2015,3846.01,Earning to give
2018,NA,None of the above
2013,18000,Research
2014,NA,None of the above
2017,59.17,Earning to give
2017,NA,Direct charity/non-profit work
2013,887.54,Research
2012,153.68,Research
2012,384.21,Earning to give
2013,0,None of the above
2017,NA,Direct charity/non-profit work
I don't remember,2218.85,None of the above
2013,739.62,Earning to give
2016,NA,Earning to give
2017,0,Earning to give
2016,NA,Earning to give
I don't remember,1479.23,None of the above
2017,73.96,Direct charity/non-profit work
2018,147.92,None of the above
2016,3698.09,Research
I don't remember,NA,None of the above
2013,455107.1,Earning to give
2014,369.81,Research
2015,739.62,Earning to give
2009 or before,76.84,Direct charity/non-profit work
2017,353.47,Earning to give
2015,NA,None of the above
2017,2305.26,None of the above
2016,1156.22,Direct charity/non-profit work
2018,10000,Direct charity/non-profit work
2016,0.22,None of the above
2017,67.45,Research
2009 or before,8984,Earning to give
2017,NA,None of the above
2016,2081.2,Earning to give
2016,76.84,Research
2017,4437.7,Direct charity/non-profit work
2014,1250,None of the above
2017,NA,Direct charity/non-profit work
2018,346.87,None of the above
2013,NA,Research
2016,2000,Research
2015,76.84,Direct charity/non-profit work
2015,5000,Earning to give
2018,1700,Research
2016,780.18,Direct charity/non-profit work
2014,3900.92,Direct charity/non-profit work
2017,2081.2,Earning to give
2009 or before,NA,None of the above
2009 or before,0,Research
2009 or before,0,Research
I don't remember,NA,Direct charity/non-profit work
2016,50000,Direct charity/non-profit work
2015,13000,Earning to give
2017,NA,Earning to give
2016,NA,Research
2017,100,Earning to give
2017,2500,Earning to give
2018,0,Direct charity/non-profit work
2016,29,Research
2013,45000,Earning to give
2013,9400,Research
2014,0,Research
2014,2254.63,None of the above
2015,NA,Earning to give
2016,600,Research
I don't remember,37000,Earning to give
2017,404.68,Earning to give
2015,NA,Direct charity/non-profit work
2015,2600.61,None of the above
2015,824.26,Earning to give
2017,NA,Research
2015,2312.45,Earning to give
2015,9249.78,Research
2017,277.49,None of the above
I don't remember,22188.52,Earning to give
2016,173.43,None of the above
2016,120,Earning to give
2018,138.75,Earning to give
2015,NA,Earning to give
2017,NA,None of the above
2016,200,None of the above
2017,0,NA
2016,NA,None of the above
2017,2218.85,Earning to give
2017,NA,Earning to give
2011,NA,Research
2016,500,Earning to give
2017,NA,Direct charity/non-profit work
2013,NA,Research
2016,6000,None of the above
2017,NA,Earning to give
2015,11060.38,None of the above
2014,1820.43,Research
I don't remember,NA,Direct charity/non-profit work
2017,346.87,None of the above
2015,537.89,Earning to give
2015,NA,None of the above
2015,NA,Earning to give
2016,NA,Earning to give
2016,200,Research
2013,8000,Direct charity/non-profit work
2017,1156.22,None of the above
2016,900,None of the above
2016,NA,Direct charity/non-profit work
2015,10000,Earning to give
2015,2500,Direct charity/non-profit work
2017,0,None of the above
2009 or before,NA,None of the above
2013,1759.61,Direct charity/non-profit work
2017,NA,Research
2016,57.81,Direct charity/non-profit work
2012,NA,Direct charity/non-profit work
2016,971.23,Research
2017,1618.71,Earning to give
2014,0,None of the above
2015,0,Earning to give
2016,2543.69,Earning to give
2016,0,Direct charity/non-profit work
2015,650.15,None of the above
2016,5000,Direct charity/non-profit work
2017,1156.22,None of the above
2015,115.62,Earning to give
2015,900,Direct charity/non-profit work
2017,10,Research
2017,15000,Earning to give
2017,200,Research
2014,6434.67,Research
2013,NA,Research
I don't remember,0,Earning to give
2015,NA,Earning to give
2018,369.81,Research
2010,NA,Earning to give
2013,346.87,Earning to give
2017,1351.56,None of the above
2016,NA,Research
2014,NA,Earning to give
2018,0,Research
2014,2600.61,Direct charity/non-profit work
2017,2600.61,Research
2015,NA,Research
2017,NA,Direct charity/non-profit work
2016,425000,Earning to give
2016,NA,NA
2016,50.27,Earning to give
2017,2000,Research
2017,NA,Earning to give
2016,2000,Earning to give
2016,12500,Earning to give
2015,34.69,Research
2017,NA,Direct charity/non-profit work
2012,100,Earning to give
2017,2774.94,Earning to give
2012,5201.22,Direct charity/non-profit work
2009 or before,NA,Research
2016,1300.31,Direct charity/non-profit work
2017,NA,None of the above
2017,NA,Earning to give
2016,NA,Earning to give
2012,NA,Earning to give
2017,1387.47,Research
2013,1351.56,Research
2012,3900.92,None of the above
2012,0,Research
2017,1120.97,Earning to give
2017,80.94,Direct charity/non-profit work
2018,NA,Earning to give
2015,10,Earning to give
2013,3468.67,Earning to give
NA,NA,NA
2015,1681.46,Research
2016,7263.06,Earning to give
2017,NA,Research
2015,7868.31,Earning to give
2016,231.24,Direct charity/non-profit work
2014,0,None of the above
2017,130.03,Earning to give
2014,0,None of the above
2016,650.15,Direct charity/non-profit work
I don't remember,1500,Research
2016,NA,Direct charity/non-profit work
2014,NA,Direct charity/non-profit work
2015,0,Direct charity/non-profit work
2015,NA,Direct charity/non-profit work
2015,NA,Earning to give
2016,NA,Direct charity/non-profit work
2016,363.15,None of the above
2012,10000,None of the above
2018,NA,Earning to give
2018,NA,Direct charity/non-profit work
2014,NA,Research
2018,2000,Research
2016,NA,Direct charity/non-profit work
2017,0,Earning to give
2017,NA,Direct charity/non-profit work
2017,1210.51,Direct charity/non-profit work
2015,NA,Earning to give
2016,731.69,Earning to give
2013,NA,Earning to give
2016,NA,Direct charity/non-profit work
2017,369.81,Research
2017,5000,None of the above
2011,0,Earning to give
2011,80000,Earning to give
2017,1000,Earning to give
2015,804.39,Earning to give
2017,100,Research
2018,NA,Research
2018,NA,Research
2015,73.96,Research
2016,27000,Direct charity/non-profit work
I don't remember,NA,Direct charity/non-profit work
2017,NA,Earning to give
2016,325.08,Direct charity/non-profit work
2016,200,Direct charity/non-profit work
2015,NA,None of the above
2016,NA,Direct charity/non-profit work
2017,502.74,Research
2017,138.75,Earning to give
2015,NA,Research
2014,7411.74,Direct charity/non-profit work
2016,3900.92,None of the above
2015,115.62,Direct charity/non-profit work
2018,5201.22,Direct charity/non-profit work
2014,1052.23,Research
2016,780.18,Earning to give
2013,8500,Earning to give
2017,100,Research
2015,578.11,Earning to give
2012,130000,Earning to give
I don't remember,3000,None of the above
2011,2555.25,None of the above
2016,0,Research
2018,373.19,Earning to give
2015,346.87,Direct charity/non-profit work
2017,500,Research
2014,0,Research
2015,768.42,Research
2009 or before,4500,Earning to give
2012,1953.67,Direct charity/non-profit work
2012,53474,Earning to give
2014,3120.73,Direct charity/non-profit work
2017,NA,Direct charity/non-profit work
2016,NA,Direct charity/non-profit work
2013,197.65,Research
2014,90.1,Earning to give
2015,605.25,Earning to give
2017,NA,Research
2015,3237.42,Research
2017,382.29,Research
2016,34.69,Earning to give
2018,NA,Research
2018,0,Research
2017,0,Research
2016,1156.22,None of the above
2015,1734.33,Earning to give
2015,NA,Research
2016,1734.33,Direct charity/non-profit work
2016,7801.84,Earning to give
2015,NA,Earning to give
2017,104.06,Research
2018,0,None of the above
2016,484.2,Research
2015,130.03,Research
2017,3250.77,Research
2016,5781.11,Earning to give
2011,25000,Earning to give
2018,5000,Direct charity/non-profit work
2015,346.87,Direct charity/non-profit work
I don't remember,NA,Direct charity/non-profit work
2017,578.11,Research
2018,NA,Earning to give
2018,300,Earning to give
2017,9600,Direct charity/non-profit work
2017,36.58,Earning to give
2013,0,Research
2018,1e+05,Earning to give
2017,90,Research
2013,1000,Earning to give
2015,NA,None of the above
2017,369.81,Earning to give
2017,200,None of the above
2017,0,Direct charity/non-profit work
2015,0,Research
2015,NA,Research
2016,5000,None of the above
2016,30,Direct charity/non-profit work
2009 or before,1000,None of the above
2017,1479.23,Research
I don't remember,100,Direct charity/non-profit work
2009 or before,22188.52,None of the above
2016,NA,None of the above
2017,NA,Research
2016,10201,None of the above
2016,208.12,Research
2017,26.01,Earning to give
I don't remember,9100,Earning to give
2015,6000,Research
2016,15000,Direct charity/non-profit work
2017,1035.46,Earning to give
2017,578.11,Earning to give
2018,0,Direct charity/non-profit work
2017,1000,Research
2016,200,Research
2016,2500,Earning to give
2015,NA,Research
I don't remember,130.03,Direct charity/non-profit work
2017,NA,Direct charity/non-profit work
2013,NA,None of the above
2016,NA,None of the above
2016,3000,None of the above
2015,1849.96,None of the above
2017,0,Research
2016,14000,Earning to give
2016,450,Research
2015,384.21,Research
2015,0,Research
2016,NA,Earning to give
2017,NA,Earning to give
2011,10054.89,None of the above
2016,500,Direct charity/non-profit work
I don't remember,800,Research
2015,25441,Earning to give
I don't remember,400,Earning to give
2017,NA,Research
2016,260.91,Earning to give
2016,2000,Direct charity/non-profit work
2013,6359.23,Direct charity/non-profit work
2016,1734.33,Earning to give
2009 or before,1300.31,Earning to give
2016,2800,Research
2015,400,Earning to give
2015,6937.34,Earning to give
2015,200,Earning to give
2012,231.24,Research
2017,346.87,Earning to give
I don't remember,346.87,Research
2017,NA,Direct charity/non-profit work
2017,NA,Direct charity/non-profit work
2017,0,Research
2017,0,None of the above
2016,NA,Earning to give
2013,43700,Earning to give
2015,NA,Earning to give
2017,NA,Research
2016,2600.61,None of the above
2017,NA,Earning to give
2016,2312.45,Earning to give
2016,260.06,Research
2010,NA,Research
2016,195.05,Earning to give
2017,0,Research
2018,4000,Research
2017,NA,None of the above
2017,0,None of the above
2015,NA,Research
2017,NA,Research
2012,0,Research
2015,1560.37,Direct charity/non-profit work
2018,NA,Research
2016,32.51,Research
2015,NA,Earning to give
2017,NA,Direct charity/non-profit work
2016,5851.38,Earning to give
2015,3289.45,Earning to give
2016,0,None of the above
2015,5201.22,None of the above
2013,NA,Earning to give
2009 or before,20000,Research
2017,60.12,Direct charity/non-profit work
2017,145.95,Research
2014,NA,Earning to give
2013,291.91,Research
2018,520.12,None of the above
I don't remember,346.87,Earning to give
2016,578.11,Earning to give
2017,614.35,None of the above
2013,1734.33,Earning to give
2016,2081.2,Earning to give
2017,156.04,None of the above
2015,5591.32,Earning to give
2015,130.03,None of the above
I don't remember,50,Earning to give
2018,156.04,None of the above
2017,NA,Research
I don't remember,NA,Direct charity/non-profit work
2018,0,Research
2017,NA,Earning to give
2009 or before,867.17,Direct charity/non-profit work
2014,3900.92,Direct charity/non-profit work
2011,115.62,Direct charity/non-profit work
2016,3500,NA
2012,NA,Earning to give
2017,200,Direct charity/non-profit work
2017,115.62,Research
2014,1156.22,Direct charity/non-profit work
2017,NA,None of the above
2018,346.87,Research
2016,578.11,Earning to give
2012,NA,Research
2014,115.62,Direct charity/non-profit work
2013,1200,None of the above
2016,0,Earning to give
2012,2600.61,Direct charity/non-profit work
2015,NA,Earning to give
I don't remember,NA,Earning to give
I don't remember,NA,None of the above
2016,NA,Research
2018,11562.23,Direct charity/non-profit work
2009 or before,NA,Earning to give
2016,NA,Research
2013,0,Direct charity/non-profit work
2015,9102.14,Direct charity/non-profit work
2018,NA,None of the above
2016,NA,Research
2015,NA,Research
2016,NA,Research
2017,2000,Earning to give
2018,NA,Earning to give
2018,NA,Research
2012,6535.68,Research
2009 or before,NA,Direct charity/non-profit work
2017,2958.47,Earning to give
2015,3698.09,None of the above
2015,100,Research
2018,406.79,Research
2013,7085,Earning to give
2016,30,None of the above
2009 or before,1536.84,None of the above
2017,200,None of the above
I don't remember,1000,Research
2016,369.81,Research
I don't remember,NA,Research
2016,NA,Direct charity/non-profit work
2014,0,Research
2017,4215.82,Direct charity/non-profit work
2017,73.17,None of the above
2014,NA,Direct charity/non-profit work
2014,NA,None of the above
2018,1479.23,Earning to give
2013,4000,Research
2011,200,Earning to give
2012,488.15,Research
2017,NA,None of the above
I don't remember,NA,Earning to give
2018,2,None of the above
2017,312.07,Research
2017,600,Earning to give
2013,187,Research
2013,258.87,None of the above
2018,100,Research
2015,39.01,Direct charity/non-profit work
2016,NA,Direct charity/non-profit work
2016,200,Earning to give
2013,5000,Research
2017,NA,None of the above
2017,230.53,Earning to give
I don't remember,0,Direct charity/non-profit work
2018,10000,Earning to give
2017,8000,Earning to give
2017,0,Research
2017,20000,Earning to give
2016,250,Research
2017,200,Research
2016,3073.68,Direct charity/non-profit work
2014,7292,Direct charity/non-profit work
2018,0,Direct charity/non-profit work
2017,NA,Earning to give
2017,NA,None of the above
2016,NA,Earning to give
2016,NA,Earning to give
2015,221.89,Research
2016,100,Research
2016,NA,None of the above
2016,100,Earning to give
2014,NA,Earning to give
2015,NA,Research
2010,NA,Earning to give
2011,12000,Direct charity/non-profit work
2013,6,Earning to give
2018,9249.78,Direct charity/non-profit work
2018,NA,Earning to give
2015,900,None of the above
2009 or before,260.06,Direct charity/non-profit work
2016,NA,Research
2011,NA,Research
2016,NA,Direct charity/non-profit work
2017,1200,Earning to give
2018,300,None of the above
2016,289.06,Earning to give
2016,0,Earning to give
2017,NA,Earning to give
2017,NA,Direct charity/non-profit work
2016,NA,Research
2017,2000,Direct charity/non-profit work
2017,500,Earning to give
2015,117000,None of the above
2018,NA,Direct charity/non-profit work
2012,6000,Direct charity/non-profit work
I don't remember,NA,Earning to give
2013,4000,Research
2016,NA,None of the above
2015,600,Research
2017,0,Research
2015,1690.4,Direct charity/non-profit work
2015,NA,Research
2018,20,None of the above
2010,NA,None of the above
2017,NA,Direct charity/non-profit work
2017,0,Research
2017,NA,None of the above
2016,167500,Direct charity/non-profit work
2010,10000,Research
2014,400,Direct charity/non-profit work
2016,2640,Direct charity/non-profit work
2017,NA,Earning to give
2014,80000,Research
2015,50,None of the above
2013,300,None of the above
2017,4046.78,None of the above
2017,NA,None of the above
2013,1011.76,None of the above
2016,600,Direct charity/non-profit work
2017,0,Research
2017,NA,None of the above
2017,NA,Earning to give
2016,0,Research
2016,2600.61,Direct charity/non-profit work
2018,NA,None of the above
2017,NA,Earning to give
2015,1100,Earning to give
2016,2000,Research
2015,650.15,Direct charity/non-profit work
2018,NA,Direct charity/non-profit work
2015,600,NA
2018,NA,Research
2018,NA,Research
2018,500,None of the above
2016,NA,None of the above
2014,NA,Earning to give
2017,0,Research
2017,NA,Research
I don't remember,585.14,None of the above
2016,NA,Earning to give
I don't remember,NA,Earning to give
2017,231.24,Research
2009 or before,NA,None of the above
2015,NA,None of the above
2015,57.81,None of the above
2015,NA,Direct charity/non-profit work
2014,6501.53,None of the above
2017,NA,Direct charity/non-profit work
2014,231.24,Earning to give
2017,0,None of the above
2018,NA,None of the above
2017,0,Earning to give
2016,5201.22,None of the above
2012,2255,Direct charity/non-profit work
2017,NA,Research
2015,18400,Earning to give
2016,800,Research
2016,NA,Earning to give
2016,1387.47,Earning to give
2017,100,Research
2012,2600.61,None of the above
2015,500,Earning to give
2017,NA,Research
2016,130.03,Direct charity/non-profit work
2018,1200,Earning to give
2017,173.43,Research
2016,NA,Earning to give
2017,250,Earning to give
2017,75,None of the above
2015,10000,Direct charity/non-profit work
2015,NA,Research
2017,5000,Direct charity/non-profit work
2013,10000,None of the above
2016,4049.89,Earning to give
2016,7801.84,Earning to give
2016,16814.61,Earning to give
2009 or before,500,Direct charity/non-profit work
2017,1950.46,None of the above
2017,NA,Research
2017,100,Direct charity/non-profit work
2016,240,Research
2017,NA,Direct charity/non-profit work
2015,10,Research
I don't remember,NA,None of the above
2015,416.24,Direct charity/non-profit work
2015,400,Direct charity/non-profit work
2016,3000,Direct charity/non-profit work
2016,1600,Research
2013,19.5,Direct charity/non-profit work
2011,6241.47,Direct charity/non-profit work
NA,NA,NA
2017,0,Research
2014,NA,Research
2016,NA,Direct charity/non-profit work
2016,2500,Direct charity/non-profit work
2015,9500,None of the above
2017,1000,Direct charity/non-profit work
2014,6501.53,Earning to give
2015,1000,Research
2015,NA,Earning to give
2017,0,Research
2013,200,Research
NA,NA,Direct charity/non-profit work
2016,0,Earning to give
2017,600,None of the above
2016,NA,Earning to give
2017,NA,Direct charity/non-profit work
2016,10.41,Direct charity/non-profit work
2017,384.21,Direct charity/non-profit work
2016,18204.28,None of the above
2015,NA,Earning to give
2010,0,Earning to give
2015,1481,Research
2016,NA,Research
2014,NA,Direct charity/non-profit work
2013,7500,Direct charity/non-profit work
2016,NA,Direct charity/non-profit work
2018,NA,Direct charity/non-profit work
I don't remember,NA,Earning to give
2012,NA,Direct charity/non-profit work
2016,1313.58,Research
2016,500,Direct charity/non-profit work
2017,1000,Earning to give
2017,NA,Earning to give
2017,624,Direct charity/non-profit work
2010,NA,None of the above
2014,12500,Research
2017,NA,Research
2017,300,Direct charity/non-profit work
2017,0,Research
2015,1100,Direct charity/non-profit work
2009 or before,25000,Earning to give
2016,1156.22,Direct charity/non-profit work
2013,130.03,Direct charity/non-profit work
2017,NA,None of the above
2015,715,Research
2017,NA,None of the above
2016,NA,Earning to give
2014,0,None of the above
2015,500,None of the above
2018,0,Research
2016,1000,Earning to give
2017,768.42,Direct charity/non-profit work
2009 or before,6740,Earning to give
2017,768.42,None of the above
2018,NA,None of the above
2011,3497.82,None of the above
2016,468.11,Earning to give
2016,NA,Earning to give
I don't remember,NA,None of the above
2011,9700,Earning to give
2017,5000,Earning to give
2016,100,Research
2017,350,Direct charity/non-profit work
2018,1000,Direct charity/non-profit work
2015,130,None of the above
2017,2000,Earning to give
I don't remember,0,Earning to give
I don't remember,NA,Research
I don't remember,500,None of the above
2016,4000,Direct charity/non-profit work
2016,45.05,Direct charity/non-profit work
2017,15000,None of the above
2017,160,Earning to give
2012,1300.31,Research
2017,7568.23,Earning to give
2014,50,Direct charity/non-profit work
I don't remember,8000,Direct charity/non-profit work
2014,NA,Direct charity/non-profit work
2017,0,None of the above
2017,0,NA
2016,7000,Earning to give
2015,173.43,Direct charity/non-profit work
2018,NA,Research
2013,NA,Direct charity/non-profit work
2017,7000,Earning to give
2017,NA,Earning to give
2015,2500,Direct charity/non-profit work
2010,3000,Direct charity/non-profit work
2017,NA,Earning to give
2015,3900.92,None of the above
2018,NA,Earning to give
2015,0,Research
2012,2486.19,Research
2017,1000,Earning to give
2016,346.87,Direct charity/non-profit work
2016,231.24,Research
2016,NA,Direct charity/non-profit work
2015,15,Earning to give
2015,NA,Earning to give
2017,NA,Earning to give
2017,0,Earning to give
2015,1000,Direct charity/non-profit work
2015,NA,Earning to give
I don't remember,NA,None of the above
2014,3000,Direct charity/non-profit work
2011,25000,Earning to give
2009 or before,4046.78,Research
NA,NA,NA
2017,NA,Research
2016,3255,Earning to give
2009 or before,13,None of the above
2012,10000,Earning to give
2016,1536.84,Earning to give
2014,0,Direct charity/non-profit work
2012,153.68,Direct charity/non-profit work
2017,0,Research
2017,4000,Earning to give
2013,8093.56,Earning to give
2015,1844.21,Research
2016,0,Research
2015,5000,Earning to give
2017,NA,Earning to give
2018,1000,Earning to give
2015,135.16,None of the above
2014,1000,Earning to give
2016,NA,Direct charity/non-profit work
2014,13003.06,Earning to give
2011,1500,Research
2016,378.91,Research
2011,NA,Research
2013,2000,Direct charity/non-profit work
2016,5916.94,Earning to give
2013,10000,Research
2010,15000,Direct charity/non-profit work
2016,0,Earning to give
2016,153.68,Research
2009 or before,532.52,None of the above
I don't remember,0,Earning to give
2015,3000,Research
2017,130.03,Direct charity/non-profit work
2010,1560.37,Direct charity/non-profit work
2016,500,Direct charity/non-profit work
2015,NA,Earning to give
2017,1734.33,Research
2015,NA,Earning to give
2017,NA,Direct charity/non-profit work
2009 or before,578.11,Direct charity/non-profit work
2014,221.89,Research
2016,25000,Earning to give
2015,10975.34,None of the above
2011,20000,Earning to give
2014,8300,Earning to give
I don't remember,75,Direct charity/non-profit work
2015,800,Direct charity/non-profit work
2015,25130,Earning to give
I don't remember,NA,Direct charity/non-profit work
2015,1479.23,Direct charity/non-profit work
NA,2200,Direct charity/non-profit work
2015,NA,None of the above
2016,2458.95,Earning to give
2009 or before,55000,None of the above
2013,8680,Research
2017,5000,Earning to give
2017,5500,Research
2012,650.15,Direct charity/non-profit work
2017,11562.23,Direct charity/non-profit work
2017,120,Direct charity/non-profit work
2009 or before,0,Earning to give
2014,5,Earning to give
2015,5000,Research
2016,0,Research
2016,173.43,Direct charity/non-profit work
2009 or before,NA,None of the above
2009 or before,100.55,None of the above
2015,NA,Earning to give
2018,3000,Earning to give
2012,NA,None of the above
2016,461.05,Direct charity/non-profit work
2013,NA,Research
2017,23.12,None of the above
2016,NA,NA
2012,500,Earning to give
2014,5461.29,None of the above
2011,NA,Research
2012,0,Direct charity/non-profit work
2014,750.52,Direct charity/non-profit work
I don't remember,2439.02,Earning to give
2017,2305.26,Research
2014,75000,Earning to give
2015,11500,None of the above
2013,7200,None of the above
NA,5,None of the above
2015,2312.45,None of the above
2017,2312.45,None of the above
2012,NA,None of the above
2016,NA,Earning to give
2010,450,Research
I don't remember,NA,None of the above
2017,NA,None of the above
2009 or before,NA,Earning to give
2015,450,None of the above
2014,5000,None of the above
2016,36980.86,None of the above
2011,10000,Earning to give
2016,0,Research
2013,NA,None of the above
2014,NA,Earning to give
2016,NA,Research
I don't remember,3000,Research
2015,3215,Earning to give
2012,7541.77,Earning to give
2015,2000,Earning to give
2014,2000,Direct charity/non-profit work
2013,NA,Earning to give
I don't remember,NA,None of the above
2016,156.04,Research
2016,1000,Direct charity/non-profit work
2017,0,None of the above
2016,369.81,Direct charity/non-profit work
2016,231.24,Direct charity/non-profit work
2011,3511.68,Research
2014,NA,Direct charity/non-profit work
2015,100,Earning to give
2013,20634,None of the above
2013,30000,Direct charity/non-profit work
2013,30000,Earning to give
2014,NA,Research
2015,5500,Direct charity/non-profit work
2014,6501.53,Earning to give
2017,NA,Earning to give
2016,NA,Earning to give
2016,57.81,Research
2009 or before,15000,Direct charity/non-profit work
2015,832.2,NA
2013,3000,Direct charity/non-profit work
2013,0,Research
2016,0,Research
2014,12494.64,Earning to give
2015,1965.58,Research
2016,NA,Research
2017,0,Research
2014,1815.76,Research
2015,NA,Direct charity/non-profit work
2012,650.15,Research
2014,5781.11,Earning to give
2016,78018.36,Earning to give
2010,5201.22,Research
2015,1156.22,Earning to give
2014,3900.92,Direct charity/non-profit work
2013,NA,Earning to give
2015,1387.47,Research
2009 or before,NA,Research
2012,1734.33,None of the above
2016,150,Research
2009 or before,NA,None of the above
2013,5549.87,None of the above
2015,NA,Direct charity/non-profit work
2015,NA,Earning to give
2013,10054.89,None of the above
2016,NA,Earning to give
2011,295.85,Direct charity/non-profit work
2014,0,None of the above
2012,100,Earning to give
2013,NA,Direct charity/non-profit work
2015,12000,None of the above
2015,100,Research
2015,NA,Earning to give
2015,1479.23,Research
2011,6000,Research
2016,25000,Research
2015,0,Earning to give
2015,NA,Earning to give
2016,369.81,None of the above
2009 or before,17011.2,Earning to give
2010,65015.3,Research
2015,4000,Research
2016,5916.94,Research
2015,500,Research
2016,7174.29,Earning to give
2016,NA,Earning to give
2010,10000,Earning to give
2015,13500,Research
2009 or before,0,Direct charity/non-profit work
I don't remember,731.69,Research
2015,1100,Earning to give
I don't remember,10000,None of the above
2013,26500,Earning to give
2014,200,Earning to give
2015,20000,Earning to give
I don't remember,1849.04,Research
2017,4000,Earning to give
I don't remember,4000,Earning to give
2018,NA,Research
2016,45000,None of the above
2011,3073.68,Earning to give
2015,NA,Direct charity/non-profit work
2009 or before,NA,Direct charity/non-profit work
2016,390.09,None of the above
2009 or before,NA,Earning to give
2018,57.81,Earning to give
2017,300,Direct charity/non-profit work
2009 or before,73000,Research
2016,100,Earning to give
2017,NA,Direct charity/non-profit work
2018,1156.22,Earning to give
2015,346.87,Research
2016,NA,Direct charity/non-profit work
2015,0,None of the above
2016,0,Research
2018,NA,Earning to give
2017,NA,None of the above
2015,57.81,Research
2016,390.09,Direct charity/non-profit work
2014,NA,None of the above
2015,1156.22,Earning to give
2017,0,Research
2014,100,Direct charity/non-profit work
2016,NA,Research
2017,1498.66,Research
2009 or before,NA,Direct charity/non-profit work
2017,NA,Direct charity/non-profit work
2011,13861.26,Earning to give
2015,NA,None of the above
2017,2000,Earning to give
2018,NA,Direct charity/non-profit work
I don't remember,NA,Research
2015,650.15,Research
2017,384.21,Earning to give
2017,1000,Research
2017,NA,Earning to give
2016,11000,None of the above
2016,16187.12,Earning to give
2017,2958.47,None of the above
2017,173.43,Direct charity/non-profit work
2018,57.81,Direct charity/non-profit work
I don't remember,627.94,Direct charity/non-profit work
2017,804.39,Direct charity/non-profit work
2013,200,Earning to give
I don't remember,437.86,Earning to give
2016,134.9,Earning to give
2011,346.87,None of the above
2016,578.11,Earning to give
2016,173.43,Earning to give
2017,202.35,Research
2016,NA,Direct charity/non-profit work
2015,0,Direct charity/non-profit work
2017,500,None of the above
2014,0,Research
2018,0,None of the above
2016,NA,Earning to give
2016,346.87,Research
2009 or before,7000,Research
2017,18000,Earning to give
2016,1156.22,None of the above
2016,2421.02,Research
2017,1000,Research
2017,924.98,Direct charity/non-profit work
2018,300,None of the above
2013,3900.92,Direct charity/non-profit work
2016,6032.93,Direct charity/non-profit work
2013,NA,Direct charity/non-profit work
2017,200,Direct charity/non-profit work
2018,NA,None of the above
2017,NA,Earning to give
2012,NA,Earning to give
2017,NA,Earning to give
2016,4500,Research
2018,0,Direct charity/non-profit work
2014,1300,None of the above
2016,NA,Earning to give
2009 or before,190000,Research
2016,5,Earning to give
2016,17.34,None of the above
2016,231.24,Research
2015,3180.35,Earning to give
2015,NA,Earning to give
2016,NA,Earning to give
2018,300,None of the above
2013,NA,Direct charity/non-profit work
2017,NA,Direct charity/non-profit work
2013,0,Earning to give
2015,7500,Earning to give
2016,NA,None of the above
2015,1349.02,Research
2018,60,Earning to give
2014,26000,Earning to give
2016,657.89,Earning to give
2017,0,None of the above
2014,NA,Research
2014,8200,None of the above
2017,NA,None of the above
2015,7801.84,Earning to give
2017,31.03,Earning to give
2016,2000,Direct charity/non-profit work
2013,5429.85,Direct charity/non-profit work
2018,186.17,None of the above
2013,693.73,None of the above
2017,231.24,None of the above
2015,130.03,Research
2015,138.75,Research
2013,NA,Earning to give
2015,NA,Direct charity/non-profit work
2017,0,None of the above
2018,693.73,Research
2017,6000,Earning to give
2016,675.78,Research
2015,462.49,Earning to give
2013,2000,Research
2016,NA,Research
2018,NA,Earning to give
2015,11.56,Research
2017,NA,Research
2013,13003.06,Earning to give
2016,0,Research
2016,NA,Research
2016,NA,Research
2017,578.11,Research
2017,NA,None of the above
2016,20,Earning to give
2014,2774.94,Research
2018,NA,Research
2015,78.02,Direct charity/non-profit work
2015,NA,None of the above
2012,346.87,None of the above
2016,1950.46,Earning to give
2017,400,Research
2017,NA,None of the above
2017,583.81,Earning to give
2017,2018,Research
2015,369.81,Research
2015,4047.05,Earning to give
2015,NA,None of the above
2011,2450,Direct charity/non-profit work
2016,14000,Earning to give
2011,NA,Earning to give
2016,768.42,None of the above
2016,2000,Direct charity/non-profit work
2014,7248.25,Earning to give
2016,0,Earning to give
2015,500,Direct charity/non-profit work
2018,200,Research
2016,NA,Direct charity/non-profit work
2016,0,None of the above
2016,3900.92,Direct charity/non-profit work
2017,NA,Research
2017,NA,Direct charity/non-profit work
2017,268.95,Earning to give
2016,9000,Research
2017,500,Direct charity/non-profit work
2017,346.87,Direct charity/non-profit work
2015,0,Research
2018,7.4,None of the above
2017,NA,Research
2018,0,Research
2016,5000,Direct charity/non-profit work
2017,2000,Earning to give
2009 or before,NA,Direct charity/non-profit work
I don't remember,NA,Direct charity/non-profit work
2016,NA,None of the above
2016,11.56,Research
2017,5000,Direct charity/non-profit work
2010,9362.2,Direct charity/non-profit work
2017,0,Research
2013,9249.78,Direct charity/non-profit work
2016,5000,Research
2018,NA,Direct charity/non-profit work
I don't remember,110,None of the above
2016,NA,Research
2015,100,None of the above
2017,650,Direct charity/non-profit work
2015,0,Earning to give
2014,1500,Direct charity/non-profit work
2015,5781.11,Research
2012,0,Direct charity/non-profit work
2016,NA,Direct charity/non-profit work
2017,450.52,Earning to give
2018,NA,Direct charity/non-profit work
2017,40,Earning to give
2010,2305.26,Earning to give
2016,NA,Earning to give
2018,800,Research
2016,NA,Research
2018,135.89,Direct charity/non-profit work
2013,NA,None of the above
2016,4000,None of the above
2015,NA,Direct charity/non-profit work
2015,16000,Earning to give
2011,624.15,None of the above
2018,0,Earning to give
2015,NA,NA
2014,4500,None of the above
2017,1000,None of the above
2014,3000,Research
2011,443.77,Direct charity/non-profit work
2017,0,Earning to give
2009 or before,3900.92,Direct charity/non-profit work
2017,NA,None of the above
2012,65.02,Research
2018,0,Research
2017,NA,Direct charity/non-profit work
2015,2000,None of the above
2016,20,Research
2017,650,Earning to give
2016,2997.31,Earning to give
2017,34.69,Research
2015,NA,Direct charity/non-profit work
2017,115.62,Research
2016,100,Research
2014,NA,Research
2014,33.63,Research
2017,NA,Earning to give
2018,NA,Research
2016,1618.71,Earning to give
2014,1040.6,Earning to give
I don't remember,NA,Research
2009 or before,560.49,Research
2011,NA,None of the above
2017,NA,Research
2015,7263.06,Earning to give
I don't remember,NA,None of the above
2017,NA,Earning to give
2011,0,Research
2017,13.49,Research
2013,138.75,Earning to give
2017,NA,None of the above
2016,NA,Research
2014,NA,Earning to give
2017,NA,Research
2016,147.92,Research
2017,NA,Direct charity/non-profit work
2015,1300.31,Research
2018,1500,Research
2017,0,Earning to give
2017,NA,None of the above
2016,1479.23,Direct charity/non-profit work
2015,NA,None of the above
2014,5201.22,Earning to give
2014,NA,Direct charity/non-profit work
2013,0,None of the above
2015,NA,Research
2013,7572.2,Research
2018,36.98,Earning to give
2015,2500,Direct charity/non-profit work
2009 or before,250,None of the above
2018,NA,Earning to give
2017,0,Direct charity/non-profit work
2014,1000,Direct charity/non-profit work
2018,NA,Direct charity/non-profit work
2016,7396.17,Earning to give
2017,NA,Research
2018,NA,Direct charity/non-profit work
2014,NA,Earning to give
2016,2000,Research
2012,6.5,NA
2017,260.06,Research
2017,260.06,Direct charity/non-profit work
2017,0,None of the above
2016,NA,None of the above
2017,7500,Earning to give
2014,78.02,Research
2017,300,Research
2017,4721.56,Direct charity/non-profit work
2016,27000,Earning to give
2014,844.04,Research
2016,NA,Earning to give
2015,0,None of the above
2016,NA,Earning to give
2011,NA,Earning to give
2017,100,None of the above
2016,1156.22,Direct charity/non-profit work
2017,NA,Earning to give
2016,5000,None of the above
2014,NA,Research
2017,NA,Research
2014,336.29,Research
2017,0,Research
2016,200,Research
2011,6501.53,Direct charity/non-profit work
2017,5,Research
I don't remember,NA,Earning to give
2016,462.49,Earning to give
2009 or before,56000,Earning to give
2010,NA,Earning to give
2016,3000,Direct charity/non-profit work
2014,10757.89,Earning to give
2015,NA,Earning to give
2016,30,Research
2013,10402.45,Earning to give
I don't remember,3000,None of the above
2012,0,Direct charity/non-profit work
2012,NA,None of the above
2015,8000,Earning to give
2013,0,Direct charity/non-profit work
2015,3000,Earning to give
2017,NA,Direct charity/non-profit work
2017,NA,Earning to give
2016,4000,Earning to give
I don't remember,200,Direct charity/non-profit work
2013,5000,Research
2017,231.24,Research
2017,650.15,Direct charity/non-profit work
2009 or before,1000,Earning to give
2014,1271.85,Direct charity/non-profit work
2016,910.21,None of the above
2017,0,Direct charity/non-profit work
2016,1387.47,Direct charity/non-profit work
2013,1206.59,Earning to give
2016,NA,Earning to give
2017,NA,Earning to give
2017,150,None of the above
2018,7.68,Direct charity/non-profit work
2017,0,Earning to give
2016,700,Earning to give
2013,5066,Direct charity/non-profit work
2017,0,Research
2015,1442.47,Research
2018,11.21,Earning to give
2017,25000,Research
2016,922.1,None of the above
2016,30,Research
2016,200,Research
2018,312.07,Earning to give
2016,9000,None of the above
2016,250,Research
2014,520.12,Direct charity/non-profit work
2012,1e+05,Direct charity/non-profit work
2018,NA,None of the above
2016,30000,Direct charity/non-profit work
2017,200,Research
2016,2000,Earning to give
2016,5500,Earning to give
2017,6000,Earning to give
2015,NA,Earning to give
I don't remember,NA,None of the above
2017,500,None of the above
2017,455.11,None of the above
2016,NA,Research
2009 or before,3000,Direct charity/non-profit work
2015,500,Earning to give
2017,0,Direct charity/non-profit work
2016,0,Earning to give
I don't remember,390.09,Direct charity/non-profit work
2015,24000,None of the above
2016,3600,Direct charity/non-profit work
2016,NA,Research
2015,200,Earning to give
2018,NA,Research
2017,NA,None of the above
2013,1005.49,Earning to give
I don't remember,2.8,Direct charity/non-profit work
2016,260.06,Earning to give
2016,1011.76,Research
2016,0,Direct charity/non-profit work
2015,0,Research
2016,2958.47,Direct charity/non-profit work
2015,900,Research
2010,2774.94,None of the above
2012,NA,Direct charity/non-profit work
2017,NA,Research
2016,NA,None of the above
2015,4500,None of the above
2017,0,Direct charity/non-profit work
2016,591.69,Direct charity/non-profit work
NA,NA,Direct charity/non-profit work
I don't remember,NA,Research
2018,2312.45,Direct charity/non-profit work
2017,NA,Direct charity/non-profit work
2018,0,None of the above
2017,34.69,Direct charity/non-profit work
2017,0,Research
2017,2600.61,Earning to give
2013,0,Research
2017,NA,None of the above
2018,0,Direct charity/non-profit work
2017,0,Earning to give
2014,3250.77,Earning to give
2018,NA,Earning to give
I don't remember,1040.24,Direct charity/non-profit work
2011,650.15,None of the above
2015,14792.35,Earning to give
2017,NA,Direct charity/non-profit work
2017,NA,Direct charity/non-profit work
2014,73.17,Earning to give
2017,260.06,None of the above
2015,NA,None of the above
2018,NA,Research
2014,NA,None of the above
2013,57638.66,Direct charity/non-profit work
2017,10.79,Direct charity/non-profit work
2017,7862.32,Research
2017,336.29,Research
2018,390.09,Direct charity/non-profit work
2011,4291.01,Research
2015,847.51,Direct charity/non-profit work
2017,2774.94,Earning to give
2015,739.62,Earning to give
2017,2890.56,Research
2017,0,Direct charity/non-profit work
2018,208.05,Earning to give
2016,NA,Earning to give
2016,NA,Earning to give
2017,NA,NA
2017,0,None of the above
2017,NA,NA
2017,2340.55,Earning to give
2018,NA,Earning to give
2015,NA,Research
2015,455.11,Research
2014,3120.73,Direct charity/non-profit work
I don't remember,NA,None of the above
2017,338.08,Research
2015,NA,Direct charity/non-profit work
2017,1200,Research
2016,325.08,None of the above
2015,2698.04,Earning to give
2010,9615.02,Earning to give
2014,739.62,Direct charity/non-profit work
2016,NA,Direct charity/non-profit work
2017,NA,Earning to give
2017,674.51,Earning to give
2018,NA,Earning to give
2018,23.12,Research
I don't remember,13490.18,Direct charity/non-profit work
2015,0,Earning to give
2018,221.89,Earning to give
2015,NA,Earning to give
2017,374.66,Research
2015,NA,None of the above
2009 or before,3006.18,None of the above
2017,0,None of the above
2012,130.03,Earning to give
2017,2275.54,Earning to give
2017,2000,Earning to give
2016,4624.89,Research
2014,2730.64,Direct charity/non-profit work
2017,NA,Earning to give
2015,195.05,None of the above
2016,7801.84,Direct charity/non-profit work
2009 or before,2500,None of the above
I don't remember,0,None of the above
2015,231.24,Earning to give
2016,NA,Research
2016,1109.43,Earning to give
2016,10000,Direct charity/non-profit work
2017,NA,None of the above
2014,NA,Direct charity/non-profit work
2016,390.09,Direct charity/non-profit work
2016,NA,Research
2017,NA,Research
2015,1950.46,None of the above
2014,NA,None of the above
2017,3000,Research
2012,0,Research
2014,NA,None of the above
2012,0,None of the above
I don't remember,NA,Earning to give
2017,NA,Research
2011,443.77,Research
2009 or before,NA,None of the above
2017,40,None of the above
I don't remember,4000,None of the above
2009 or before,2000,None of the above
2016,517.73,None of the above
2017,0,Research
2017,NA,Direct charity/non-profit work
2012,10000,Earning to give
2012,307.37,Research
2015,NA,None of the above
2016,0,Earning to give
2016,NA,Research
2014,461.05,None of the above
2018,600,Earning to give
2013,NA,Earning to give
2018,NA,Direct charity/non-profit work
2009 or before,0,None of the above
2009 or before,8135.79,None of the above
2014,52.01,Research
2015,5916.94,Research
2012,1536.84,Direct charity/non-profit work
I don't remember,30000,Earning to give
2016,100,Direct charity/non-profit work
2016,250,Research
2017,3000,Earning to give
2017,NA,Direct charity/non-profit work
2016,1109.43,Earning to give
2017,38.42,Direct charity/non-profit work
2017,0,Research
2017,1000,Direct charity/non-profit work
2015,0,Research
2013,0,Research
2016,NA,Earning to give
2015,5400,Research
2013,15000,Earning to give
2014,18.49,None of the above
2016,200,None of the above
2016,6800,None of the above
2016,315,Direct charity/non-profit work
2016,100,Earning to give
2016,100,Research
2016,NA,Direct charity/non-profit work
2015,100,Research
2017,NA,Earning to give
2017,2000,Research
2015,13000,Research
2014,500,Direct charity/non-profit work
2015,6000,Earning to give
2011,4000,Direct charity/non-profit work
2018,NA,Direct charity/non-profit work
I don't remember,1000,None of the above
2015,0,Direct charity/non-profit work
2012,NA,Direct charity/non-profit work
2017,NA,None of the above
2017,60,None of the above
2016,NA,Direct charity/non-profit work
2014,800,Research
2016,NA,None of the above
2017,500,Direct charity/non-profit work
2010,NA,None of the above
2015,898.99,Earning to give
2009 or before,6000,Earning to give
2017,5,Earning to give
2017,1500,Earning to give
2017,5000,Earning to give
2015,1e+05,Earning to give
2009 or before,2000,Earning to give
2015,5000,Earning to give
2016,1000,Earning to give
2016,300,Earning to give
2016,739.62,Research
2012,6878.44,None of the above
2012,7396.17,None of the above
2017,NA,Earning to give
2017,0,Research
2017,0,None of the above
2016,500,None of the above
2010,3250.77,None of the above
2013,2200,Earning to give
I don't remember,37708.87,Direct charity/non-profit work
2015,2312.45,Research
2017,0,Research
2016,0,Research
2009 or before,22000,Earning to give
I don't remember,0,Earning to give
2014,50,Research
2012,NA,Research
2014,289.06,Direct charity/non-profit work
2015,23.12,Research
2017,578.11,Research
2016,561.82,Direct charity/non-profit work
2013,8065,Research
2018,0,None of the above
2018,NA,Research
2016,115.62,Direct charity/non-profit work
2014,11.56,Earning to give
2016,NA,Direct charity/non-profit work
2015,1000,Direct charity/non-profit work
2017,30,Research
2016,1536.84,Earning to give
2017,2100,None of the above
2009 or before,60000,Earning to give
2009 or before,3698.09,Earning to give
I don't remember,300,None of the above
2015,11094.26,Research
2018,NA,Earning to give
2016,0,None of the above
2018,2312.45,Research
2017,1734.33,Earning to give
2017,NA,Earning to give
2017,NA,Research
2012,0,None of the above
2015,2080.49,Direct charity/non-profit work
2016,130.03,Research
2015,NA,Research
2018,57.81,Direct charity/non-profit work
2017,0,Earning to give
2017,295.85,None of the above
2015,260.06,Research
2017,390.09,Direct charity/non-profit work
2016,726.31,None of the above
2017,0,Direct charity/non-profit work
2017,NA,None of the above
2013,3468.67,Earning to give
2016,46.25,Direct charity/non-profit work
2016,39009.18,Direct charity/non-profit work
I don't remember,1.63,Direct charity/non-profit work
2015,57.81,Research
2014,NA,Earning to give
2016,57.81,Direct charity/non-profit work
2014,NA,None of the above
2014,NA,NA
2016,18490.43,Earning to give
2016,NA,Direct charity/non-profit work
2018,0,Research
2017,NA,Earning to give
2017,0,Earning to give
2015,1000,Research
2017,2000,Earning to give
2016,30000,Earning to give
2015,6000,Earning to give
2013,3150,Research
I don't remember,19670,Earning to give
2016,6400,None of the above
2016,NA,Research
2013,2000,Earning to give
2013,NA,Earning to give
2017,50000,Earning to give
2015,17000,None of the above
2017,0,Earning to give
2015,2100,Research
2016,2000,Earning to give
I don't remember,NA,Earning to give
2015,3500,None of the above
2016,1000,None of the above
2015,2990.7,Research
2013,NA,Research
2013,7400,Direct charity/non-profit work
2017,NA,Direct charity/non-profit work
2011,190.24,None of the above
2017,910.21,Earning to give
2010,10000,None of the above
2015,12000,Earning to give
2016,NA,Direct charity/non-profit work
2013,NA,None of the above
I don't remember,67.94,Earning to give
I don't remember,NA,None of the above
2017,1000,Research
2017,11.56,Research
2016,300,Research
2015,1000,None of the above
2015,10000,Earning to give
2015,3698.09,Earning to give
2013,NA,Direct charity/non-profit work
2014,NA,Research
2017,NA,Research
2017,0,Research
2012,10000,Earning to give
2010,1500,Earning to give
2013,16000,Earning to give
2011,31000,Earning to give
2010,200,Earning to give
2009 or before,5.4,None of the above
2015,0,Direct charity/non-profit work
2016,22000,Earning to give
2015,6000,Earning to give
2015,1183.39,Research
2015,2000,Direct charity/non-profit work
2016,0,Research
2009 or before,0,Research
2010,NA,None of the above
2015,900,Earning to give
2016,700,Earning to give
2015,9000,Research
2017,180,None of the above
2011,200,Earning to give
2014,1156.22,Direct charity/non-profit work
2016,0,Earning to give
2017,NA,None of the above
2017,NA,Earning to give
2018,0,Earning to give
2017,384.21,Direct charity/non-profit work
2016,3000,Earning to give
2016,93.08,Earning to give
2014,NA,Research
2015,12500,None of the above
2017,839,Research
2017,3250.77,Direct charity/non-profit work
2015,3000,Earning to give
2018,NA,Direct charity/non-profit work
2013,NA,Research
2016,500,Research
2017,NA,None of the above
I don't remember,250,Earning to give
2016,750,Research
2016,400,Research
2017,650.15,Earning to give
2011,45000,Earning to give
2017,2000,Earning to give
2016,1000,Earning to give
2014,8000,Research
2016,3.84,Research
2017,100,Research
2010,NA,Research
2015,3000,Research
2018,9000,None of the above
2016,13000,None of the above
2015,3000,Earning to give
2011,0,Direct charity/non-profit work
2016,0,Earning to give
2017,NA,Direct charity/non-profit work
2016,300,Research
2017,9151,Direct charity/non-profit work
2012,1000,None of the above
2015,462.49,Earning to give
2014,6147.36,None of the above
2016,NA,Research
2017,578.11,None of the above
2015,20000,Earning to give
2014,0,Direct charity/non-profit work
2013,NA,NA
2016,0,Earning to give
2016,0,None of the above
2017,2000,Earning to give
2016,NA,Earning to give
I don't remember,NA,Research
2016,1000,Research
2015,NA,Earning to give
2015,614.74,Research
2018,NA,Direct charity/non-profit work
2014,3000,Research
2013,1844.18,Earning to give
I don't remember,11562.23,Research
2016,652.26,Earning to give
2015,4624.89,Earning to give
2014,1156.22,None of the above
2018,NA,Research
2012,5201.22,Direct charity/non-profit work
2016,NA,Earning to give
2014,45000,Earning to give
2016,145.95,Research
2011,0,Earning to give
2014,NA,Earning to give
2016,269.7,None of the above
2014,NA,Earning to give
2015,930.83,Earning to give
I don't remember,NA,NA
2012,78.47,Earning to give
2015,9622.26,Earning to give
2016,0,Earning to give
2017,NA,Earning to give
I don't remember,NA,Research
2015,8000,Earning to give
2015,12000,Direct charity/non-profit work
2015,NA,Earning to give
I don't remember,0,Earning to give
2015,0,Earning to give
2016,NA,Earning to give
2010,2312.45,Earning to give
2017,NA,Direct charity/non-profit work
2015,40000,Earning to give
2015,3000,Research
2016,3.66,Earning to give
2016,384.21,Research
2016,6600,Earning to give
2015,15000,Earning to give
2015,16000,None of the above
2011,1000,Research
2017,1000,Earning to give
2017,20000,None of the above
2014,50000,Earning to give
2017,6608.42,None of the above
2015,4800,Earning to give
2016,NA,None of the above
2017,200,Earning to give
2014,NA,Direct charity/non-profit work
2009 or before,23000,None of the above
2017,NA,Earning to give
2017,NA,Earning to give
2016,1000,Earning to give
2014,0,Research
2018,1000,Earning to give
2016,5400,None of the above
2014,6000,Earning to give
2015,0,Research
I don't remember,17400,Earning to give
2016,800,None of the above
2014,645.47,Research
2015,12000,Earning to give
2017,20000,None of the above
I don't remember,NA,Earning to give
2016,4000,Direct charity/non-profit work
2015,18000,Earning to give
2017,5000,Earning to give
2015,200,Direct charity/non-profit work
2010,52678,Direct charity/non-profit work
2014,1500,Earning to give
2016,0,Research
2016,NA,Research
2015,100,Earning to give
2014,542.27,Earning to give
I don't remember,5781.11,Earning to give
2015,13,None of the above
2017,7.4,Earning to give
2017,NA,Direct charity/non-profit work
2017,1000,None of the above
2016,NA,Research
2015,2218.85,Research
2013,0,Research
2018,260.06,Earning to give
2018,NA,None of the above
2015,0,None of the above
2016,5201.22,Research
2014,1536.84,Direct charity/non-profit work
2013,3000,None of the above
2015,19000,None of the above
2014,1300.31,Earning to give
2016,8085,None of the above
2017,307.37,Direct charity/non-profit work
2014,28500,None of the above
2011,NA,Direct charity/non-profit work
2010,130000,Earning to give
2013,26500,Earning to give
2017,NA,Earning to give
2014,0,None of the above
2016,0,Research
2017,2500,Earning to give
2013,1005.49,Earning to give
2017,39.01,Direct charity/non-profit work
2017,768.42,Direct charity/non-profit work
2016,NA,Research
2016,NA,Research
2018,130.03,Research
2015,0,Research
2017,NA,None of the above
2017,13003.06,Earning to give
I don't remember,NA,Research
2015,910.21,Research
2015,NA,Earning to give
2017,NA,NA
2017,0,Earning to give
2015,NA,Earning to give
2016,0,Research
2013,NA,Earning to give
2017,NA,Research
2014,3846.01,Research
2012,70000,Research
2014,184.9,None of the above
2018,NA,Research
2012,182042.84,Research
2017,NA,Earning to give
2012,481.11,Research
2015,NA,Direct charity/non-profit work
2017,520.12,Earning to give
2015,NA,Direct charity/non-profit work
2015,4000,Earning to give
2016,0,Direct charity/non-profit work
2017,3100,Research
2017,3900.92,None of the above
2017,1243.44,Earning to give
2012,3510.83,None of the above
2016,50,Earning to give
I don't remember,520.12,Earning to give
2015,12000,Earning to give
2014,58513.77,Earning to give
2016,2000,Direct charity/non-profit work
2017,171,None of the above
2012,11702.75,Direct charity/non-profit work
2017,650.15,None of the above
2015,0,Research
2017,NA,Research
2014,325.08,Direct charity/non-profit work
2015,0,Earning to give
2017,2000,Direct charity/non-profit work
2015,NA,Research
2016,8451.99,Research
2014,NA,Research
2016,NA,None of the above
2015,6000,Research
2017,0,None of the above
2017,462.49,Earning to give
2016,NA,Earning to give
2012,NA,Earning to give
2014,NA,Direct charity/non-profit work
I don't remember,221.89,Earning to give
2016,1300,NA
2013,0,Direct charity/non-profit work
2016,1479.23,Research
2018,NA,Research
2013,14052.73,Direct charity/non-profit work
2013,3500,Earning to give
2011,3000,Research
2017,520.12,Research
2012,6000,Direct charity/non-profit work
2015,0,Research
2017,0,Direct charity/non-profit work
2013,8452.62,Earning to give
2014,6000,Research
2016,15000,NA
2013,NA,Direct charity/non-profit work
2015,390.09,None of the above
2017,0,Research
2010,2254.83,NA
2017,578.11,None of the above
2017,NA,Earning to give
2013,NA,Earning to give
2016,1156.22,Earning to give
2015,450,Research
2017,2312.45,None of the above
2015,400,Research
2010,3640.86,None of the above
2016,0,Research
2012,254.37,Research
2018,650.15,Earning to give
I don't remember,0,Research
2016,NA,Earning to give
2015,2218.85,Direct charity/non-profit work
2018,369.81,Earning to give
2017,9752.3,Earning to give
2015,10637.25,Research
2016,2000,Direct charity/non-profit work
2015,2196.82,Direct charity/non-profit work
2017,295.85,Research
I don't remember,576.9,Earning to give
2017,252.75,None of the above
2013,9249.78,Earning to give
2013,NA,None of the above
2016,3000,Research
2012,NA,Research
2013,13000,Earning to give
2009 or before,50,Earning to give
2014,2500,Direct charity/non-profit work
2010,NA,Direct charity/non-profit work
2013,11.56,Direct charity/non-profit work
2017,NA,Direct charity/non-profit work
2013,7500,Research
2011,1950.46,None of the above
2016,81.53,Earning to give
2016,336.29,Research
2018,NA,Earning to give
2015,230.53,Direct charity/non-profit work
2016,90.1,Earning to give
2017,922.1,Earning to give
2011,5e+05,Direct charity/non-profit work
2014,2312.45,Earning to give
2009 or before,NA,Direct charity/non-profit work
2014,462.49,Direct charity/non-profit work
2016,346.87,Earning to give
2017,NA,None of the above
2018,0,Direct charity/non-profit work
2016,650.15,Earning to give
2017,500,Research
2017,0,Research
2010,3500,Research
2015,0,Earning to give
2016,NA,Research
2013,NA,Research
2015,NA,Direct charity/non-profit work
2014,NA,None of the above
2015,4437.7,Earning to give
2017,363.15,Earning to give
2017,32.51,Research
2018,NA,None of the above
2013,65.02,Research
I don't remember,7801.84,Earning to give
2014,780.18,Research
I don't remember,0,Research
2010,11182.63,Earning to give
2017,NA,Research
2016,217.89,None of the above
2009 or before,NA,Earning to give
2012,3000,Direct charity/non-profit work
2016,150,Earning to give
2016,517.73,None of the above
2014,9762.95,Earning to give
2015,693.73,Research
2012,1000,Research
2015,100,Direct charity/non-profit work
2013,NA,None of the above
2015,26.01,Research
2011,0,Direct charity/non-profit work
2017,NA,Earning to give
2013,9500,Earning to give
2016,2210.52,Research
2016,NA,Research
2015,NA,Earning to give
2015,1000,Research
2012,800,Direct charity/non-profit work
2009 or before,70000,Earning to give
2011,NA,Earning to give
2017,60.53,Research
2014,168.15,None of the above
2014,325.08,Direct charity/non-profit work
2016,NA,Direct charity/non-profit work
2013,NA,Research
2016,40467.81,Earning to give
2015,NA,Direct charity/non-profit work
2014,NA,Research
2015,NA,Direct charity/non-profit work
2016,462.49,Direct charity/non-profit work
2013,1898.45,Research
2014,NA,None of the above
2015,NA,Earning to give
2016,1156.22,Direct charity/non-profit work
2017,118.34,Earning to give
2011,3842.1,Earning to give
2017,NA,Research
2015,NA,Research
2011,7396.17,None of the above
2017,1000,Earning to give
2016,500,Direct charity/non-profit work
2016,57.81,None of the above
2014,4000,Direct charity/non-profit work
2016,300,Research
2015,300,Earning to give
2017,NA,Earning to give
2010,13003.06,Earning to give
2012,NA,Earning to give
2015,1000,Earning to give
2017,NA,Earning to give
2016,NA,None of the above
2018,NA,Earning to give
2012,0,NA
2011,650.15,Research
2015,6500,Research
2015,12140.34,Direct charity/non-profit work
2015,3931.16,Earning to give
2016,2958.47,Earning to give
2010,NA,NA
2018,13.59,Earning to give
2016,NA,Earning to give
2016,15400,None of the above
2017,NA,Direct charity/non-profit work
2017,8000,Research
2011,3250.77,None of the above
2017,1000,Direct charity/non-profit work
2013,NA,Research
2011,2312.45,None of the above
I don't remember,NA,Earning to give
2015,2340.55,None of the above
2016,1000,Direct charity/non-profit work
2017,0,Research
2016,NA,Research
2009 or before,2500,Direct charity/non-profit work
2016,500,Direct charity/non-profit work
2009 or before,NA,Direct charity/non-profit work
2017,NA,None of the above
2009 or before,3000,Direct charity/non-profit work
2017,NA,Research
2017,0,Earning to give
2009 or before,10000,Direct charity/non-profit work
2017,286.07,Research
2013,8000,Direct charity/non-profit work
2015,30000,Earning to give
2017,0,None of the above
2015,2312.45,Direct charity/non-profit work
2013,0,Direct charity/non-profit work
2015,NA,Research
2018,NA,Direct charity/non-profit work
2015,28.91,Direct charity/non-profit work
2016,115.62,Earning to give
2017,1536.84,Research
2017,NA,None of the above
2017,NA,Direct charity/non-profit work
2017,NA,Earning to give
2016,416.24,None of the above
2015,9400,Earning to give
2015,NA,Research
2016,544.04,Earning to give
2017,NA,None of the above
2014,2500,Research
2012,1000,Research
2014,0,None of the above
2017,NA,Earning to give
I don't remember,250,Research
2015,NA,None of the above
2015,402.2,Research
2010,310.28,Research
NA,NA,Earning to give
2017,NA,Direct charity/non-profit work
2017,0,None of the above
2015,4624.89,Earning to give
2013,1500,None of the above
2016,NA,Earning to give
2009 or before,NA,Earning to give
2017,115.62,NA
2009 or before,50000,Earning to give
2017,NA,Research
2014,23000,Earning to give
2016,NA,Research
2016,1536.84,None of the above
2016,0,Research
2016,4.49,Research
2016,NA,Direct charity/non-profit work
2016,15450,Direct charity/non-profit work
2015,NA,Research
2016,578.11,None of the above
2015,6511.59,Research
2016,15000,NA
2017,10,Direct charity/non-profit work
2014,50000,Earning to give
2017,NA,None of the above
2017,NA,Earning to give
2016,134.52,None of the above
I don't remember,NA,Earning to give
2018,346.87,Direct charity/non-profit work
2016,34.69,Research
2017,672.58,Direct charity/non-profit work
2015,5916.94,Research
2014,NA,Direct charity/non-profit work
2017,650.15,Research
2017,NA,Earning to give
2015,NA,Earning to give
2015,2000,Earning to give
2015,130.03,Research
2015,NA,Research
2015,1450,Research
2016,39009.18,Earning to give
2015,1536.84,Direct charity/non-profit work
2016,6052.55,Earning to give
2011,0,Research
2017,6000,Earning to give
2015,NA,Direct charity/non-profit work
2012,60367,Direct charity/non-profit work
2010,NA,Earning to give
2011,1536.84,Earning to give
2012,50,Earning to give
2015,600,Earning to give
2018,300,Direct charity/non-profit work
2011,NA,Research
2014,0,None of the above
2015,0,Research
2016,12500,Earning to give
2016,NA,NA
2016,NA,Earning to give
2015,0,Research
2016,600,Direct charity/non-profit work
2016,0,Research
2015,904.94,Direct charity/non-profit work
2015,3000,Direct charity/non-profit work
2017,NA,Direct charity/non-profit work
2015,NA,Direct charity/non-profit work
2013,NA,Research
2017,6479.83,Earning to give
2016,500,Research
2016,57.81,Direct charity/non-profit work
2016,115.62,Research
2013,3900.92,Research
2017,250,NA
2017,90.49,None of the above
2016,0,Research
2016,NA,Research
2011,32507.65,Research
2011,10402.45,Earning to give
I don't remember,NA,None of the above
2017,76.84,Earning to give
2017,NA,Research
2012,35000,Direct charity/non-profit work
2009 or before,NA,Earning to give
2017,0,Earning to give
2015,520.3,Direct charity/non-profit work
2014,1210.51,None of the above
2012,0,Direct charity/non-profit work
2014,52099.42,Direct charity/non-profit work
2011,2958.47,None of the above
2016,3900.92,Direct charity/non-profit work
2016,5203,Earning to give
2015,NA,None of the above
2016,46.25,None of the above
2017,277.49,Research
2014,2535.6,None of the above
2016,1156.22,None of the above
2012,0,Research
2014,14792.35,Earning to give
2016,2730.64,Research
2015,1300.31,None of the above
2017,0,Earning to give
2010,231.24,Direct charity/non-profit work
2017,277.49,Direct charity/non-profit work
2016,0,Earning to give
2010,0,Research
I don't remember,NA,None of the above
2016,1479.23,Direct charity/non-profit work
2016,153.68,Earning to give
2013,0,Direct charity/non-profit work
2014,372,None of the above
2012,57.81,None of the above
2015,600,None of the above
2017,NA,None of the above
2014,6417.04,None of the above
2015,NA,Research
2013,NA,Direct charity/non-profit work
2015,0,Research
2017,NA,Direct charity/non-profit work
2015,500,Earning to give
2017,350,Direct charity/non-profit work
2010,2305.26,Research
2016,3380.8,Direct charity/non-profit work
2015,130.03,Earning to give
2016,809.36,Research
2017,38.42,Direct charity/non-profit work
2014,NA,Direct charity/non-profit work
2016,5027.45,Earning to give
2016,0,Research
2016,NA,Earning to give
2014,3000,None of the above
2013,1349.96,Earning to give
2016,231.24,None of the above
2017,1508.23,None of the above
2015,0,Direct charity/non-profit work
2017,86.72,Research
2016,15030.9,Earning to give
2018,1005.49,Research
2009 or before,2958.42,Research
2015,832.2,None of the above
2018,NA,Direct charity/non-profit work
2017,0,Earning to give
2013,NA,Earning to give
2016,23.12,Earning to give
2012,6000,Direct charity/non-profit work
2017,NA,None of the above
2016,NA,Research
2017,NA,None of the above
2014,2000,Research
2016,346.87,Earning to give
2013,1,Research
2015,0,Direct charity/non-profit work
2017,5000,Earning to give
2017,NA,Research
2015,0,Earning to give
2011,4551.07,Direct charity/non-profit work
2009 or before,NA,Direct charity/non-profit work
2016,924.98,None of the above
2017,NA,Earning to give
2016,1734.33,None of the above
2014,2000,Direct charity/non-profit work
2014,0,Earning to give
2016,NA,Research
2017,NA,Research
2013,721.55,Research
2011,2600.61,Research
2017,156.04,Earning to give
2016,0,Direct charity/non-profit work
2017,346.87,Direct charity/non-profit work
2015,0,Earning to give
2010,25000,Earning to give
2015,355.02,Research
2017,NA,Research
2016,NA,Research
2015,1156.22,Direct charity/non-profit work
2017,924.98,Research
2010,2466.68,Research
I don't remember,900,None of the above
2014,1387.47,Research
2016,462.49,Earning to give
2011,520.12,Research
2012,5044.38,Direct charity/non-profit work
2015,185,Earning to give
2015,36.98,Earning to give
2017,150.31,Research
2014,130.03,Earning to give
2016,69.37,Research
2016,0,Research
2014,NA,None of the above
2009 or before,NA,Direct charity/non-profit work
2011,554.71,None of the above
2013,6745.09,Research
2009 or before,6000,Earning to give
2012,2910,Research
2017,2500,Direct charity/non-profit work
2012,215.99,Earning to give
2013,200,Earning to give
2014,5000,Earning to give
2016,337.25,None of the above
2015,14665,Direct charity/non-profit work
2017,443.77,Direct charity/non-profit work
2016,0,Direct charity/non-profit work
2013,1300.31,None of the above
2016,60000,Earning to give
2015,1300.31,Research
2015,0,Research
2017,6000,Earning to give
2015,18189.28,None of the above
2017,0,Direct charity/non-profit work
2014,1011.76,None of the above
2014,3900.92,Earning to give
2015,NA,Direct charity/non-profit work
2014,7000,Research
2016,0,Research
2017,NA,Research
2017,NA,Research
2015,NA,Research
2013,NA,Earning to give
2016,NA,Direct charity/non-profit work
2009 or before,NA,Direct charity/non-profit work
2017,500,Earning to give
2010,5000,NA
2017,NA,Research
2015,22000,Direct charity/non-profit work
2017,0,Direct charity/non-profit work
2012,7000,Earning to give
2015,135,Earning to give
2009 or before,0,Research
2015,176.9,NA
2016,NA,Direct charity/non-profit work
2017,NA,Earning to give
2018,NA,NA
2013,2227.34,Direct charity/non-profit work
2013,8000,Research
2018,100,Direct charity/non-profit work
I don't remember,400,None of the above
2016,75,Earning to give
2017,0,Research
2014,153.68,Earning to give
2017,346.87,Earning to give
2016,739.62,Earning to give
2017,60,Earning to give
2015,3536.89,Direct charity/non-profit work
2012,1560.37,Direct charity/non-profit work
2016,12000,Earning to give
2011,500,None of the above
2016,900,Research
2012,346.87,Earning to give
I don't remember,500,Direct charity/non-profit work
2016,0,Research
2016,NA,None of the above
2016,NA,Direct charity/non-profit work
2013,50,Research
2014,NA,Earning to give
2014,173.43,None of the above
2014,500,Research
2015,3698.09,Research
2015,NA,Research
2016,1445.28,Direct charity/non-profit work
2014,NA,Research
2015,1921.05,Direct charity/non-profit work
2012,500,None of the above
2014,1.16,Earning to give
2015,0,NA
2015,50,Direct charity/non-profit work
2016,NA,Research
2017,69.37,Direct charity/non-profit work
2015,NA,Research
2009 or before,1536.84,None of the above
2014,385.02,Research
2017,200,Research
2014,200,Research
2015,1040.24,Research
2015,231.24,Research
2017,1250,Earning to give
2013,NA,Research
2014,130.03,None of the above
2016,5879.96,Research
2014,3250.77,Direct charity/non-profit work
2013,1300.31,Direct charity/non-profit work
2014,16500,Research
2015,6501.53,None of the above
2014,NA,Research
2013,231.24,Research
2012,NA,None of the above
2017,NA,Earning to give
2017,NA,None of the above
2017,NA,None of the above
2016,NA,Earning to give
2015,NA,Earning to give
2018,0,None of the above
2015,NA,Direct charity/non-profit work
2009 or before,125000,Earning to give
2017,NA,Earning to give
2014,500,NA
2017,901.04,Earning to give
2015,92.5,Research
2014,135.16,Research
2011,NA,Earning to give
2013,0,None of the above
2015,2000,Research
2015,115.62,Direct charity/non-profit work
2017,462.49,Research
2015,0,Research
2012,0,NA
2018,195.05,Research
2016,173.43,Earning to give
2018,NA,Direct charity/non-profit work
2016,NA,Earning to give
2016,1950.46,Direct charity/non-profit work
2016,1271.85,None of the above
2012,NA,None of the above
2015,109.75,Direct charity/non-profit work
2015,218.93,Research
2018,295.85,Direct charity/non-profit work
2012,74.93,Research
2016,1923,Earning to give
I don't remember,NA,Research
2016,156.04,Research
2013,8195.83,None of the above
2009 or before,1156.22,Direct charity/non-profit work
2010,NA,Earning to give
2016,0,Research
2015,3468.67,Direct charity/non-profit work
2014,2890.56,Direct charity/non-profit work
2016,0,Earning to give
2009 or before,5781.11,None of the above
2016,346.87,Research
2015,1200,Earning to give
2013,0,None of the above
2017,896.78,Direct charity/non-profit work
2017,6000,None of the above
2013,81.53,None of the above
2009 or before,6111.44,None of the above
2016,138.75,Direct charity/non-profit work
2014,0,Research
2017,0,Direct charity/non-profit work
2015,173.43,Direct charity/non-profit work
2009 or before,0,Research
2018,0,Research
2015,271.78,Direct charity/non-profit work
2018,0,Research
2009 or before,14500,Earning to give
2016,600,Research
2017,53.99,None of the above
2017,0,Research
2014,0,Research
2017,40.77,Research
2015,60000,None of the above
I don't remember,7000,Earning to give
2017,0,None of the above
2014,1200,None of the above
2015,192.11,Direct charity/non-profit work
2011,17000,NA
2015,100,Direct charity/non-profit work
2015,500,Research
2017,NA,None of the above
2018,1000,Earning to give
2010,15000,Earning to give
2015,4451.76,Direct charity/non-profit work
2014,500,Earning to give
2016,1479.23,Research
2018,NA,NA
2012,25000,Earning to give
2010,0,Research
2017,NA,Earning to give
2016,NA,Earning to give
2014,0,Direct charity/non-profit work
2016,5970.93,Research
2015,100,Earning to give
2012,35000,Earning to give
2010,30000,Research
2017,3750,Earning to give
2017,150,Research
2012,10000,Research
2014,3600,Research
2009 or before,0,Research
2017,NA,Direct charity/non-profit work
2012,NA,Research
I don't remember,500,Direct charity/non-profit work
2017,7000,Research
2015,44000,None of the above
2013,2000,Direct charity/non-profit work
2018,0,Earning to give
2015,739.62,Earning to give
2015,NA,None of the above
2015,115.62,None of the above
2017,NA,Earning to give
2015,0,Research
2016,NA,Research
2017,1479.23,Research
2017,0,None of the above
2011,4199,Direct charity/non-profit work
2015,NA,Earning to give
2016,1156.22,Direct charity/non-profit work
2015,0,None of the above
2014,2000,Research
2011,500,Earning to give
2012,500,None of the above
2013,10000,None of the above
2016,4000,Research
2014,68722,Earning to give
2015,NA,Earning to give
2013,2222,Earning to give
2014,NA,Research
2012,8093.56,Earning to give
2017,5662.83,Earning to give
2013,17737,Earning to give
2017,3900.92,None of the above
2017,NA,Earning to give
2014,739.62,Research
2014,500,Research
2018,NA,Earning to give
2016,2312.45,Direct charity/non-profit work
2016,NA,Research
2016,3000,Earning to give
2015,1000,Earning to give
2017,5750,Earning to give
2009 or before,7000,Earning to give
2013,0,Research
2012,NA,None of the above
2010,NA,Research
2016,3000,Earning to give
2016,NA,None of the above
2013,NA,Research
2009 or before,12000,None of the above
2015,3500,Research
2015,390.09,None of the above
2016,204,Research
2013,443.77,None of the above
2016,271.78,Direct charity/non-profit work
2017,4000,Direct charity/non-profit work
2015,369.99,Research
2012,1156.22,Direct charity/non-profit work
2017,NA,Research
2011,3225,None of the above
2017,0,Research
2012,25000,Earning to give
2017,NA,None of the above
2015,NA,None of the above
2011,2000,Direct charity/non-profit work
2018,0,Earning to give
2014,NA,Research
2011,2023.53,None of the above
2013,1000,Earning to give
2014,4000,None of the above
2013,NA,Direct charity/non-profit work
2016,NA,Research
2015,6300,Earning to give
2016,115.62,Direct charity/non-profit work
2014,NA,Research
2016,260.06,Research
2011,NA,Direct charity/non-profit work
I don't remember,0,None of the above
2014,NA,Direct charity/non-profit work
2010,2950,Research
2014,0,Direct charity/non-profit work
2016,600,Direct charity/non-profit work
I don't remember,5378.94,Earning to give
2014,2000,Direct charity/non-profit work
2015,NA,Research
2015,650.15,Research
2012,1000,Direct charity/non-profit work
2013,40000,Earning to give
2015,1700,Earning to give
2017,200,Earning to give
2016,250,Direct charity/non-profit work
2018,768.42,Research
2011,30698,Earning to give
2013,3720,Research
2018,100,Earning to give
2012,40100,Earning to give
2017,173.43,Research
2013,100,Research
2011,NA,Earning to give
2016,100,Direct charity/non-profit work
2015,130.03,None of the above
2015,2427.67,Research
2011,10402.45,Research
2014,289.06,Earning to give
2015,780.18,Research
2016,3631.53,Research
2014,7450.75,Earning to give
2010,3e+06,None of the above
2017,189.45,Research
I don't remember,0,Research
2014,400,Earning to give
2017,NA,Research
2015,NA,None of the above
2016,NA,Research
2015,NA,Earning to give
2014,573.43,Research
2015,2000,Research
2015,260.06,Research
2014,3900.92,Research
2016,0,Research
2013,0,Research
2014,50,None of the above
2014,650.15,Research
2014,10,None of the above
2017,NA,Direct charity/non-profit work
2017,200,Research
2017,0,Direct charity/non-profit work
2013,5500,Earning to give
2017,3120.73,None of the above
I don't remember,0,Earning to give
2014,1200,Direct charity/non-profit work
2017,231.24,Research
2016,NA,Direct charity/non-profit work
2015,10026,Direct charity/non-profit work
2017,NA,None of the above
2012,0,Earning to give
2016,3000,Direct charity/non-profit work
2015,39.01,None of the above
2017,NA,Direct charity/non-profit work
2017,115.62,Research
2017,3200,Research
2016,8000,Direct charity/non-profit work
2011,NA,Direct charity/non-profit work
2015,6000,Earning to give
2014,0,Earning to give
2012,4295,Earning to give
2014,NA,None of the above
2016,NA,Research
2014,7038.42,Earning to give
2016,60,Direct charity/non-profit work
2009 or before,1300.31,Earning to give
2016,346.87,Research
2013,1152.63,Earning to give
2017,NA,None of the above
2016,50,Research
2011,2340.55,None of the above
2014,300,Earning to give
2016,NA,None of the above
2015,NA,Earning to give
2013,0,Earning to give
2014,3000,Direct charity/non-profit work
2016,0,Direct charity/non-profit work
2016,NA,Research
2012,990,Research
2017,300,Earning to give
2017,923.22,Earning to give
2015,300,None of the above
2012,4811.13,Research
2016,300,Research
2016,0,Research
2014,10,Research
2015,20,Direct charity/non-profit work
2012,4841.05,Direct charity/non-profit work
2014,0,None of the above
2018,NA,Direct charity/non-profit work
2017,289.06,Research
2017,7600,Earning to give
2017,800,Direct charity/non-profit work
2015,3000,Direct charity/non-profit work
2016,55,Direct charity/non-profit work
2013,0,None of the above
2010,20000,None of the above
NA,NA,None of the above
2017,38.42,Direct charity/non-profit work
2015,260.06,None of the above
2016,614.74,Research
2014,6501.53,Research
2015,17000,None of the above
2012,7100,None of the above
2014,650.15,None of the above
2016,NA,Research
2015,NA,Research
2014,7000,Research
2011,100,None of the above
2016,27,Research
2013,NA,None of the above
2009 or before,1000,Research
2016,NA,Direct charity/non-profit work
2009 or before,12000,None of the above
2017,200,Earning to give
2010,71000,Direct charity/non-profit work
2015,5000,Earning to give
2015,3000,Research
2013,NA,Direct charity/non-profit work
2016,NA,NA
2015,1943.95,None of the above
2016,3033.91,None of the above
2015,0,None of the above
2013,0,Earning to give
2011,25000,Research
2014,NA,Research
2017,2312.45,Earning to give
2014,NA,Research
2017,2600.61,Earning to give
2009 or before,NA,Earning to give
2016,384.21,Earning to give
2017,0,Direct charity/non-profit work
2018,0,Direct charity/non-profit work
2015,50,Research
2016,1000,Research
2016,NA,Direct charity/non-profit work
2017,650.15,None of the above
2017,0,Research
2015,400,Research
2014,5000,Direct charity/non-profit work
2016,196.56,Direct charity/non-profit work
2016,25000,Research
2013,3515,Research
2016,150,Earning to give
2017,63.78,Earning to give
2013,NA,Research
I don't remember,NA,Research
2012,33040,Earning to give
2015,0,Direct charity/non-profit work